1101,1102,1216,1301,1303,1326,1402,1722,2002,2105,2301,2303,2308,2311,2317,2324,2325,2330,2347,2353,2354,2357,2382,2409,2412,2448,2454,2498,2801,2880,2881,2882,2883,2885,2886,2888,2890,2891,2892,2912,3045,3231,3474,3481,4904,6239,6505,8046,9904
24.3,21.46,26.11,59.13,54.44,58.91,29.52,79.04,23.89,36.22,26.62,10.6,103.98,15.83,57.11,26.67,23.63,50.85,49.22,70.05,70.77,127.15,36.11,29.52,62.33,86.31,345.25,569.72,13.32,12.26,28.02,33.22,7.14,14.04,14.99,9.71,7.06,10.51,11.86,111.82,51.37,30.23,17.4,38.3,32.69,70.02,69.25,107.13,21.71
24.19,21.49,26.05,59.67,53.64,59.3,30.62,84.55,23.96,36.54,26.45,10.56,104.38,15.67,58.11,26.53,22.98,50.77,48.46,70.22,70.56,129.71,36.11,28.75,62.06,83.32,329.1,562.47,13.57,12.41,28.2,34.02,7.15,14.08,15.21,9.92,7.15,10.65,12.12,114.37,51.29,30.01,16.4,37.44,32.65,70.36,69.17,106.27,21.98
24.16,21.35,25.43,59.59,52.77,58.91,29.59,87.74,23.89,36.22,26.18,10.49,104.38,15.92,57.86,25.78,23.27,50.12,48.87,69.69,70.41,125.72,35.53,28.57,62.15,83.93,319.49,562.47,13.51,12.32,28.09,33.78,7.11,13.97,15.03,10.18,7.18,10.65,11.98,111.82,51.21,30.01,16.35,37.58,32.43,68.57,69.17,103.26,21.79
24.74,21.69,26.14,59.51,52.77,58.91,29.69,86.94,24.03,36.54,26.89,10.64,102,16.02,58.86,25.54,23.34,50.69,49.15,70.84,70.77,125.72,35.71,29.02,62.24,82.97,317.18,579.39,13.63,12.47,28.35,34.09,7.24,14.12,15.46,10.18,7.18,10.62,12.03,113.1,51.29,30.17,16.2,39.66,32.8,69.33,69.17,106.27,22.64
25.35,21.73,26.37,59.67,52.61,59.76,29.8,85.35,24.03,36.75,26.35,10.64,102.4,15.8,58.86,25.32,23.27,50.28,50.93,70.4,70.41,125.44,35.61,28.84,62.68,81.74,318.72,585.84,13.41,12.38,28.49,34.26,7.35,14.49,15.46,10.44,7.21,10.62,11.95,113.94,51.53,29.04,16.45,38.94,32.84,68.7,69.34,104.12,22.64
24.95,21.59,26.3,59.51,52.29,59.61,29.08,85.35,23.81,36.64,26.72,10.68,102,15.55,59.11,25.5,23.27,50.69,49.9,68.63,70.77,125.15,35.61,27.71,63.93,81.38,315.26,573.75,13.29,12.2,27.95,33.78,7.3,14.49,15.42,10.27,7.15,10.62,11.72,110.98,52.09,28.66,16.3,37.17,32.31,68.5,70.11,103.26,22.26
24.55,21.32,25.79,58.51,51.1,59.14,29.39,85.35,23.48,36.43,26.38,10.64,102,15.23,58.36,25.61,23.27,50.44,50.87,69.78,70.56,124.02,35.25,27.35,63.22,81.12,315.26,576.17,13.16,12.08,27.8,33.29,7.24,14.56,15.14,10.05,7.09,10.57,11.55,106.74,51.85,29.42,16,36.27,32.57,68.15,69.59,98.52,21.63
24.3,21.12,25.82,58.13,49.51,58.52,28.91,82.15,23.22,36.75,26.01,10.41,102,15.01,56.36,25.36,23.06,50.03,51.21,69.07,69.11,121.46,34.85,26.99,62.77,82.26,308.34,563.27,12.82,11.87,27.51,32.66,7.16,14.38,14.96,9.88,7.12,10.59,11.49,107.59,51.85,29.31,15.9,36.49,32.46,67.33,69.34,98.95,21.67
24.34,21.12,26.01,59.67,50.78,58.91,28.98,81.76,23.29,36.96,26.14,10.33,100.81,15.52,57.11,25.78,23.13,50.03,49.7,68.99,69.98,121.17,34.5,27.12,62.59,84.46,311.41,539.1,12.72,12.02,27.54,32.49,7.2,14.38,14.96,9.92,7.15,10.59,11.66,111.4,52.33,29.69,15.9,37.13,32.54,65.95,69.68,98.52,21.67
24.85,21.49,26.69,62.97,53.01,61.7,30.52,83.75,23.29,37.64,26.52,10.49,102.4,15.45,57.61,25.96,23.41,50.69,50.18,69.87,70.05,123.16,36.18,27.67,62.77,84.55,310.65,551.19,12.91,12.08,27.69,32.8,7.27,14.49,15.31,10.01,7.12,10.81,11.81,111.4,52.89,29.63,15.85,37.35,32.91,66.77,70.11,100.24,22.22
24.52,21.49,26.27,62.97,53.56,62.94,31.68,83.75,23.25,38.86,26.48,10.45,103.19,15.2,57.86,26.07,23.41,50.77,50.66,69.52,69.9,123.45,36.54,27.85,63.22,82.79,299.88,539.9,12.94,12.14,27.76,32.87,7.27,14.49,15.39,9.85,7.15,10.83,11.86,107.59,53.37,30.12,15.4,36.9,32.98,65.19,70.11,98.52,22.37
24.19,21.01,26.34,61.43,52.93,63.17,30.65,82.15,23.03,37.54,26.11,10.22,101.6,15.11,56.36,25.85,23.38,49.62,48.94,69.52,67.66,122.31,36.54,27.26,63.57,81.65,289.12,502.84,12.5,11.84,27.44,32.42,7.13,13.97,14.92,9.68,6.91,10.78,11.58,105.05,53.05,30.55,15.05,35.32,32.43,64.7,70.02,98.52,22.29
23.68,20.98,26.21,61.05,52.45,62.78,30.17,83.75,22.96,37.54,25.94,10.22,98.03,15.23,55.87,26.14,23.38,49.79,49.28,69.25,67.44,122.88,36.82,27.17,63.4,80.94,292.58,514.92,12.59,11.78,27.22,32.46,7.09,13.86,14.89,9.81,6.94,10.81,11.47,101.24,52.97,30.06,15.1,35.68,32.76,64.29,69.51,100.24,22.06
23.61,21.05,25.72,62.58,53.64,63.09,30.99,82.55,23,37.54,25.91,10.37,101.2,15.33,56.86,26.42,23.2,50.03,50.25,71.11,68.6,121.74,38.26,26.99,63.4,83.14,301.8,540.71,12.72,11.75,27.22,32.59,7.05,13.93,14.67,9.81,6.91,10.67,11.41,102.93,52.73,30.98,15.4,35.86,33.24,64.01,68.74,99.38,22.22
23.97,21.18,25.63,63.89,53.56,63.64,32.16,82.95,22.92,37.7,26.21,10.18,99.62,15.42,56.36,26.35,23.02,50.03,50.18,73.31,68.02,122.88,38.26,26.27,63.4,81.47,297.57,557.63,12.75,11.75,27.03,32.21,7.02,14.15,14.71,9.68,6.94,10.7,11.35,105.05,52.97,31.42,15,35.41,32.84,65.32,68.22,99.38,21.83
24.19,21.69,25.43,64.89,54.2,63.95,31.51,86.54,22.92,37.43,26.38,10.26,100.01,15.48,56.86,26.38,22.81,50.69,50.18,73.31,68.38,131.13,39.19,26.58,63.4,82.26,297.57,545.54,12.69,11.93,27.07,32.35,7.04,14.08,14.64,9.72,6.94,10.65,11.41,104.62,53.05,30.88,14.65,36.18,33.06,65.95,68.22,99.81,21.98
24.16,21.83,25.69,66.73,54.92,66.89,31.2,86.94,23.07,37.59,26.89,10.6,103.19,16.24,59.11,27.09,23.16,50.85,50.32,76.93,70.12,139.95,39.9,27.08,64.11,87.81,303.72,540.71,13.1,12.11,27.69,32.8,7.13,14.12,14.85,9.85,7,10.62,11.61,104.2,53.45,32.98,14.85,37.81,33.06,66.7,71.31,100.68,22.45
24.34,21.86,25.53,69.11,55.63,68.83,32.09,86.94,23.18,37.8,27.03,10.6,101.2,16.3,58.86,27.16,23.99,51.1,51.28,77.46,69.76,135.96,39.55,27.76,63.84,86.75,302.19,544.74,13.04,12.11,27.73,32.98,7.18,14.15,15.1,9.81,6.94,10.59,11.66,102.08,53.85,32.5,14.9,37.85,33.02,67.53,71.65,104.55,22.64
24.01,21.63,25.02,70.19,55.63,68.75,31.88,86.14,22.96,37.59,27.13,10.56,99.62,16.3,57.86,27.2,23.2,50.85,51.9,76.85,69.61,136.53,39.4,27.76,63.49,85.69,294.5,544.74,12.82,11.96,27.51,32.7,7.18,14.08,15.1,9.68,6.91,10.35,11.44,102.93,54.25,33.69,14.9,37.99,33.06,68.15,70.96,102.83,22.45
23.79,21.63,25.37,69.34,55.23,70.07,30.86,86.14,23.07,36.54,27.67,11.06,100.81,16.86,58.11,27.41,23.74,51.43,52.1,76.23,70.41,138.52,40.69,28.03,63.84,86.57,300.65,570.53,12.97,12.17,27.65,32.77,7.17,14.19,15.1,9.81,6.97,10.33,11.58,102.08,54.89,33.63,15.15,38.49,32.91,69.33,72.08,105.41,22.72
23.68,21.39,25.63,67.42,54.2,68.06,30.17,83.35,23.03,35.91,27.47,11.14,100.41,16.55,57.86,27.55,23.99,51.51,51.48,78.52,69.32,141.37,40.26,27.58,63.75,86.13,296.04,556.83,12.72,12.14,27.36,32.59,7.15,14.23,15.14,9.77,6.94,10.17,11.47,102.93,54.49,34.01,15,37.22,32.8,69.67,71.31,107.56,22.61
23.97,21.42,26.37,68.73,55.63,68.99,31.2,84.95,23.22,35.91,27.53,11.02,102.4,17.15,58.36,27.55,24.34,52.08,52.17,82.06,69.4,142.79,40.84,27.71,64.11,86.57,302.57,595.51,13.07,12.26,27.76,33.15,7.22,14.41,15.28,9.85,7.06,10.27,11.69,103.78,54.81,34.61,14.6,35.54,33.02,70.36,73.19,107.56,22.88
24.3,21.42,26.05,68.34,55.79,68.99,30.76,83.35,23.22,35.54,27.77,11.06,102,17.27,58.11,27.09,23.84,51.92,52.24,80.73,69.76,142.22,40.84,27.58,64.02,86.22,297.96,594.7,13.19,12.32,27.98,33.4,7.22,14.27,15.28,9.72,7.03,10.3,11.66,102.93,54.81,34.66,13.95,35.81,32.8,68.64,74.13,100.68,22.61
24.77,21.35,26.27,68.73,55.63,68.68,31.71,83.35,23.4,35.49,27.37,11.02,103.19,17.08,57.36,27.27,23.84,52.41,52.03,80.38,69.11,140.23,40.62,27.67,64.64,82.88,302.19,600.34,13.1,12.23,27.84,33.26,7.16,14.19,15.28,9.59,6.97,10.27,11.66,105.47,54.65,34.12,13.8,35.18,32.98,67.95,73.36,93.79,22.33
24.77,21.46,26.66,69.57,55.95,68.91,32.36,84.15,23.4,35.8,27.33,11.37,103.19,17.3,58.36,27.09,23.63,52.41,51.62,80.47,69.61,141.37,40.84,27.94,64.82,83.58,309.11,609.21,13.22,12.29,27.76,33.33,7.2,14.27,15.24,9.64,7.09,10.49,11.72,107.59,54.41,33.2,14.4,36.31,32.91,67.39,73.1,94.65,22.61
24.63,21.42,26.95,71.34,57.7,72.32,34.18,89.73,23.59,35.7,27.3,11.79,103.98,17.49,58.36,26.95,23.45,52.66,51.14,81.26,72.44,139.95,40.55,28.12,65.62,85.69,304.49,612.43,13.44,12.38,28.31,33.85,7.24,14.89,15.42,9.77,7.09,10.57,11.81,106.74,54.65,33.25,14.35,36,32.98,67.39,74.47,95.94,22.72
24.92,21.29,27.37,72.57,58.57,73.48,34.21,93.32,23.55,35.12,26.99,11.6,104.38,16.96,57.86,26.91,23.16,51.92,50.93,78.88,72.15,135.96,40.33,27.53,66.6,83.93,296.04,623.71,13.51,12.35,28.13,33.95,7.23,15.3,15.31,10.24,7.15,10.57,11.75,107.17,54.49,32.34,14.1,35.5,33.06,66.57,73.96,95.94,22.64
24.77,21.22,27.3,72.64,59.21,73.64,33.29,92.52,23.81,35.22,27.13,11.64,102.79,17.33,57.36,27.02,23.49,52.49,50.59,77.64,72.88,135.68,39.76,27.67,68.29,83.23,294.11,626.13,13.54,12.32,28.2,33.64,7.2,15.23,15.24,10.11,7.09,10.49,11.66,108.01,54.65,32.44,14.15,35.77,33.06,66.5,73.7,96.8,22.64
24.85,21.32,27.08,72.18,58.33,73.79,32.6,90.93,24,35.33,27.23,11.64,103.98,17.52,58.11,27.13,23.31,52.66,51.21,79.76,73.97,142.79,41.05,27.39,67.94,83.23,292.96,628.55,13.13,12.32,27.95,33.6,7.21,15.12,15.21,10.07,7.09,10.43,11.66,106.74,55.13,32.5,14.2,35.9,33.02,67.53,73.19,97.23,22.61
24.55,21.25,26.92,70.88,57.78,71.78,33.29,91.33,23.81,35.64,27.23,11.52,103.19,17.46,57.61,27.37,22.91,52.25,51.55,78.97,73.24,140.51,40.84,27.3,66.96,84.2,293.73,615.65,13.16,12.29,28.17,33.85,7.24,15.3,15.17,10.11,7.06,10.49,11.58,106.74,54.81,32.82,14.05,35.95,32.87,68.77,73.19,95.51,22.61
24.12,20.78,26.5,68.8,56.74,70.07,32.16,88.93,23.63,35.43,27.09,11.18,103.19,17.11,56.61,26.95,22.48,51.67,51.14,78.17,71.57,140.8,40.91,26.85,66.07,83.06,290.65,615.65,12.88,11.99,27.47,33.08,7.09,14.64,14.85,9.9,6.94,10.35,11.35,105.05,54.89,32.66,13.8,35.41,32.91,67.39,71.91,95.51,21.98
23.43,20.51,26.66,67.65,56.51,69.53,30.72,85.74,23.44,34.49,27.03,11.37,103.19,17.21,55.87,26.95,22.52,52.41,51.28,79.05,70.99,143.36,40.98,26.18,66.25,83.58,292.19,627.74,12.69,11.78,27.29,32.73,7.02,14.45,14.57,9.81,6.76,10.22,11.12,102.08,54.01,33.09,13.65,34.32,32.31,67.26,70.19,95.94,21.79
23.54,20.47,26.47,69.5,57.62,71.31,30.99,86.94,23.59,34.91,27.84,11.44,103.98,17.37,56.36,27.34,22.84,52.9,51.21,81.17,72.88,143.64,41.27,26.31,66.42,84.9,296.04,642.24,12.78,11.87,27.36,32.94,7.08,14.41,14.74,9.81,6.73,10.19,11.07,102.51,54.49,33.52,12.95,35.59,32.57,67.19,72.76,95.51,21.98
23.39,20.47,26.08,68.57,56.58,70.46,31.61,86.54,23.51,34.59,27.74,11.41,103.19,17.37,56.11,27.23,22.55,52.33,50.59,79.41,72.51,142.22,41.48,26.36,66.25,85.78,294.5,636.6,12.63,11.75,27.03,32.56,6.98,14.08,14.28,9.72,6.73,10.06,10.98,100.81,54.33,32.77,12.8,35.63,32.09,66.15,71.91,95.94,21.9
23.36,20.71,26.21,69.65,55.95,70.54,32.36,87.34,23.51,35.01,27.77,11.25,103.98,17.52,56.61,27.37,22.34,51.92,50.93,78.26,72.51,141.08,41.34,26.27,65.89,84.55,292.58,647.08,12.72,11.75,27.4,32.56,7.05,13.97,14.32,9.72,6.73,10.11,11.29,103.78,54.33,32.39,12.8,35.63,32.35,67.39,72.25,95.51,21.94
23.17,20.91,26.4,69.57,55.79,69.76,31.82,86.14,23.59,35.06,27.74,11.25,105.17,17.33,56.86,27.02,22.41,52.25,50.93,78.52,72.15,141.65,41.05,26.36,66.96,86.4,294.11,666.42,12.72,11.78,27.22,32.32,6.99,13.97,14.42,9.68,6.7,10.11,11.29,105.89,55.77,33.52,12.95,35.63,32.2,67.39,72.16,95.94,21.83
23.36,20.95,26.4,69.11,55.79,69.76,32.16,88.93,23.63,35.01,27.74,11.52,107.16,18.06,57.36,27.62,22.88,52.33,52.03,80.03,73.24,143.93,41.55,27.08,66.78,87.98,304.49,705.9,12.85,11.93,27.25,32.49,7.02,14.01,14.42,9.72,6.73,10.14,11.47,105.47,55.05,34.39,13.1,35.86,32.09,66.77,71.99,94.22,21.87
22.99,20.71,26.43,69.19,55.39,69.14,31.95,86.14,23.55,34.75,27.16,11.33,104.38,18.12,56.36,27.37,22.52,52,52.24,79.32,72.22,142.51,41.91,27.53,66.69,88.86,306.8,695.43,12.78,11.75,27.11,32.28,6.98,13.75,14.35,9.64,6.64,9.98,11.38,104.2,54.33,33.2,13.6,36.4,32.05,66.77,72.08,93.79,21.71
22.48,20.57,26.47,69.5,55.55,69.45,31.95,86.94,23.55,34.8,26.82,11.21,104.78,17.93,55.87,27.2,22.45,51.84,51.97,79.14,71.79,147.06,41.91,27.26,66.25,87.19,307.57,666.42,12.66,11.87,27.03,32.04,6.93,13.67,14.25,9.59,6.58,9.98,11.32,103.35,54.33,33.42,13.7,35.81,32.09,66.91,72.93,93.36,21.79
22.85,20.47,26.4,69.65,54.92,69.37,31.06,86.54,23.59,34.33,26.89,11.48,105.57,18.78,55.87,27.34,22.7,52.82,52.1,80.38,72.88,149.9,43.06,27.98,65.98,89.74,305.26,680.92,13.04,11.96,27.22,32.11,6.95,13.82,14.6,9.68,6.61,10.14,11.55,102.51,54.17,33.42,13.9,37.08,32.09,67.19,71.91,92.93,21.87
22.8,20.51,26.4,69.65,54.6,69.22,29.8,86.54,23.18,34.28,26.58,11.41,108.35,18.62,55.37,27.2,22.7,52.82,52.03,83.03,72.88,157.01,42.98,27.48,65.09,91.94,306.03,673.67,12.82,11.81,27.07,32.07,6.91,13.67,14.53,9.59,6.61,9.93,11.38,100.81,54.25,33.42,13.5,36.49,31.68,67.39,71.82,93.79,21.79
22.88,20.54,26.79,70.26,54.04,69.22,30.65,89.73,23.25,34.33,26.69,11.56,108.35,18.68,54.87,27.02,22.52,52.74,52.45,81.97,72.51,154.17,43.2,27.8,65.53,91.5,303.72,680.92,12.88,11.93,27.22,32.04,7.02,13.71,14.57,9.68,6.64,9.88,11.52,102.51,54.57,33.85,13.35,37.04,32.02,68.29,72.08,93.36,22.22
23.14,20.47,27.14,69.65,53.96,69.99,30.82,87.74,23.25,34.28,26.86,11.56,107.55,19.75,54.12,26.77,22.73,52,52.45,79.5,72.51,149.9,42.91,27.53,65.89,91.06,300.26,680.92,12.75,11.81,27.14,32.04,6.93,13.79,14.42,9.64,6.67,9.77,11.58,104.2,54.65,33.42,13.35,37.85,32.02,66.57,72.25,92.93,21.87
23.76,20.81,27.11,72.11,55.15,70.46,32.19,90.93,23.25,35.12,27.7,11.75,111.92,20.09,55.12,27.13,23.06,52.99,52.65,81.62,73.97,151.04,42.77,27.62,66.07,89.74,301.03,693.01,13.63,12.62,27.76,33.01,7.16,14.64,15.14,10.24,6.94,10.14,12.37,105.89,54.73,33.25,13.45,38.03,31.98,66.57,73.28,93.79,22.33
23.84,21.05,27.33,72.18,55.23,70.85,32.29,91.73,23.37,35.28,27.98,12.32,113.11,20.22,54.37,27.8,23.56,54.3,53.2,83.03,73.24,153.31,43.56,27.26,66.16,88.42,303.72,718.8,14.07,13.22,27.8,32.91,7.21,14.97,15.31,10.42,7.06,10.17,12.94,108.44,54.41,32.66,13.5,37.81,32.05,68.43,74.47,93.79,22.49
23.65,20.88,26.85,72.03,55.39,71.54,31.58,90.53,23.37,34.85,27.67,12.55,111.52,20.03,56.11,27.97,23.88,56.02,53.34,83.91,75.05,152.46,44.27,27.08,65.71,90.62,324.87,711.55,14.14,13.19,27.65,32.73,7.17,15,15.06,10.2,6.97,10.33,13.05,108.01,54.17,31.69,14.4,36.67,31.98,69.33,74.47,93.36,22.33
23.62,21.29,27.27,72.95,56.19,72.16,33.53,91.73,23.51,35.17,27.37,12.55,109.54,20.09,56.36,28.01,23.81,56.19,52.93,84.62,76.87,162.99,44.49,27.39,65.44,89.3,325.64,709.93,14.77,13.64,28.06,33.19,7.25,15.41,15.28,10.46,7.15,10.49,13.82,112.25,54.41,32.82,14.15,36.95,31.98,68.91,76.19,94.65,22.61
24.35,21.63,27.53,73.18,56.35,72.24,32.57,91.33,23.55,35.17,27.06,12.44,110.33,19.72,56.61,28.22,23.88,55.78,53.48,84.8,76.14,159.86,44.63,27.76,65.44,87.89,322.56,697.85,14.86,13.61,28.13,33.33,7.23,15.71,15.31,10.42,7.15,10.38,13.79,114.37,54.17,32.77,14.3,36.72,31.94,68.98,77.21,95.08,22.61
24.76,21.76,28.07,73.49,56.19,72.24,32.4,89.33,23.59,35.22,27.33,12.32,111.52,19.94,56.36,28.54,24.85,55.78,53.34,86.65,74.69,159.29,43.7,27.8,65.62,86.84,326.02,705.9,14.7,13.43,27.95,32.84,7.17,15.34,15.17,10.42,7.12,10.43,13.62,112.25,54.73,32.44,13.8,36.63,31.72,68.29,76.79,95.51,22.57
24.46,21.73,27.75,73.11,56.66,72.78,31.92,86.94,23.81,35.22,27.33,12.78,110.33,20.56,56.61,28.26,25.88,57.42,53.89,85.77,75.78,158.15,45.49,27.12,65.8,87.98,327.56,701.88,14.67,13.46,27.47,32.77,7.21,15.52,15.31,10.42,7.12,10.51,13.54,112.67,54.97,32.88,14.05,34.68,31.64,68.98,77.9,97.66,22.49
24.46,21.56,27.43,71.42,56.27,72.4,32.02,86.14,23.77,35.01,27.3,12.48,109.54,20.47,56.61,27.66,26.03,57.17,54.71,84.35,76.14,160.99,44.99,27.17,65.44,87.45,321.41,722.83,14.74,13.4,27.22,32.66,7.16,15.19,15.39,10.33,7.18,10.49,13.4,112.67,54.49,33.36,14.75,35.09,31.64,68.7,76.61,96.8,22.37
24.35,21.66,27.56,71.88,55.79,72.63,32.02,85.35,23.63,35.06,27.23,12.4,108.35,20.69,56.11,27.55,25.42,56.92,56.36,84.44,75.42,161.85,44.78,27.98,65.09,88.86,329.1,725.24,14.67,13.43,27.29,32.63,7.16,15.19,15.31,10.37,7.12,10.38,13.59,112.25,54.01,33.09,14.55,35.27,31.16,68.64,75.93,98.09,22.33
24.13,21.35,27.69,72.34,55.95,73.33,32.33,87.34,23.74,34.96,27.06,12.29,108.35,20.44,57.36,27.73,24.99,56.6,55.75,84.97,80.49,158.43,45.28,27.67,64.55,90.62,331.41,732.5,14.55,13.37,27.29,32.35,7.13,14.97,15.14,10.33,7.18,10.41,13.48,112.67,54.33,32.77,14.6,34.68,30.97,68.5,77.3,96.37,22.57
24.35,21.25,27.75,73.72,57.14,75.57,32.64,87.74,23.85,34.8,26.79,12.44,109.94,20.75,57.36,27.41,25.31,57.42,54.92,84.53,80.85,157.87,44.56,27.98,64.11,88.86,328.33,727.66,14.74,13.46,27.4,32.35,7.32,15.15,15.03,10.42,7.18,10.38,13.79,110.98,54.09,32.98,14.2,34.73,31.09,67.05,77.9,95.94,22.64
24.13,21.46,27.43,73.72,56.74,75.42,33.05,86.94,23.85,34.8,26.48,12.55,109.14,21.44,57.86,27.44,25.56,58.4,54.3,81.79,83.39,156.16,44.78,28.34,64.91,88.86,324.1,719.6,14.64,13.46,27.33,32.14,7.7,15.12,15.06,10.42,7.33,10.49,13.65,109.71,54.25,32.77,13.95,35.18,30.9,68.08,77.3,96.37,22.64
24.35,21.59,27.17,74.72,56.74,75.5,32.84,88.54,24.03,35.28,26.82,12.78,107.55,22.26,57.36,27.13,25.71,59.79,54.51,79.67,84.48,161.28,44.85,27.98,66.33,87.1,332.18,702.68,14.89,13.7,27.4,32.28,7.76,15.19,15.21,10.42,7.36,10.83,14.1,110.13,54.65,32.34,14,35.32,31.23,67.95,78.15,96.37,22.53
24.09,21.63,27.04,74.18,56.43,74.41,32.57,87.74,24.26,35.01,27.13,12.59,107.16,20.81,57.11,27.27,24.95,58.4,55.06,80.38,85.57,158.15,44.06,27.58,65.89,87.89,330.64,697.04,14.7,13.64,27.47,32.42,7.63,15.08,15.21,10.33,7.36,10.97,14.08,111.4,54.73,32.23,14,35,31.27,68.29,77.9,97.23,22.26
24.21,21.69,27.66,73.8,56.82,74.1,33.63,87.34,24.44,35.01,27.09,12.59,107.55,21.06,57.61,27.3,24.95,58.48,54.92,80.38,85.93,157.87,44.42,27.67,66.07,87.72,333.71,707.52,14.67,13.61,27.54,32.84,7.94,15.26,15.35,10.5,7.42,11.02,14.13,111.82,54.65,32.12,14.1,35.41,31.27,67.95,78.75,99.38,22.37
24.21,21.86,27.62,73.87,56.58,74.1,33.46,87.74,24.4,34.91,27.23,12.52,108.35,20.72,57.86,27.48,24.92,58.4,54.58,81.35,86.29,158.72,44.63,27.48,66.25,91.5,329.48,736.53,14.61,13.64,27.73,32.77,7.94,15.3,15.46,10.64,7.48,10.94,14.05,112.25,54.57,32.55,14.35,35.09,31.49,68.64,78.84,97.66,22.41
24.65,22.27,27.62,74.26,56.82,74.88,33.32,87.74,24.29,34.85,27.16,12.48,110.73,20.85,58.86,27.55,24.81,58.24,54.51,82.06,87.38,159.57,44.42,27.62,66.42,90.62,331.79,736.53,14.52,13.58,27.65,33.12,7.94,15.37,15.78,10.68,7.51,10.94,13.79,113.1,54.65,32.39,14.5,35.14,31.49,68.5,80.98,96.37,22.45
24.17,22.07,27.53,73.95,56.74,75.03,32.94,87.34,24.33,34.75,27.2,12.44,109.94,20.59,58.36,27.69,24.52,58.07,53.96,81.88,87.02,157.58,44.27,27.58,66.6,89.74,325.64,725.24,14.61,13.61,27.65,33.29,8.14,15.19,15.56,11.03,7.48,10.75,13.79,111.82,54.65,32.23,14.15,35.09,31.49,68.01,80.47,96.8,22.57
23.91,21.96,27.43,73.95,57.22,75.11,33.53,88.14,24.44,34.54,27.23,12.44,110.73,20.59,58.36,27.58,24.77,57.99,53.61,81.09,87.02,157.3,43.99,27.35,66.78,90.18,317.57,725.24,14.96,13.82,28.2,33.95,8.69,15.6,15.88,11.63,7.72,11.05,14.19,112.67,54.81,32.44,14.05,34.77,31.68,67.05,83.03,95.51,22.57
23.8,21.83,27.56,74.26,57.14,75.5,33.15,87.34,24.4,34.33,27.3,12.4,111.52,20.22,58.36,27.62,24.77,58.15,53.55,80.2,84.48,158.15,44.13,27.39,66.6,90.62,318.33,719.6,14.99,13.85,27.98,33.67,8.97,15.52,15.78,11.33,7.72,11.05,14.13,113.1,55.05,32.71,14.3,35.18,31.61,66.7,82.61,96.37,22.57
23.95,21.79,27.56,74.18,57.06,75.5,33.18,86.14,24.37,34.38,27.23,12.29,112.71,19.87,57.61,27.37,24.42,57.91,54.1,80.47,82.3,155.02,44.27,27.21,66.25,92.82,315.26,709.13,16.03,14.81,28.27,34.13,9.56,16.04,16.17,11.72,7.93,11.42,15.1,113.1,55.21,32.01,14.1,35.36,31.53,66.29,83.03,94.65,22.49
23.95,21.83,27.59,74.56,56.98,75.88,33.46,87.34,24.48,34.22,27.37,12.36,113.51,20.25,58.36,27.27,24.49,57.91,53.61,80.38,84.48,155.31,44.13,27.35,65.98,93.7,313.34,723.63,16.28,14.54,28.42,34.09,9.59,15.97,15.85,11.63,7.93,11.29,15.01,113.52,55.93,32.01,14,36.4,31.27,67.53,84.32,95.08,22.57
24.21,21.86,27.85,74.87,57.78,76.12,33.8,86.94,24.85,34.22,27.23,12.48,113.11,21.16,58.61,27.3,25.06,58.24,54.1,79.58,84.84,157.58,43.84,27.35,65.98,93.7,321.03,725.24,16.31,14.6,29.19,35.97,10.11,16.11,15.99,12.15,8.08,11.39,15.24,113.94,55.77,32.12,13.95,36.49,31.49,66.91,84.66,93.36,21.01
24.65,22,27.75,74.49,57.7,75.73,34.55,92.52,25.33,34.49,27.2,12.4,110.73,20.69,58.61,27.44,24.88,58.32,53.13,79.5,83.75,155.02,44.06,27.39,65.53,91.94,319.1,742.17,16.56,14.81,29.7,36.94,10.77,16.26,16.28,12.98,8.32,11.63,15.47,114.37,55.53,32.34,14.05,35.72,31.35,66.91,84.23,95.08,22.45
24.46,22.34,27.69,74.26,57.54,75.5,35.24,92.52,25.15,34.85,27.2,12.4,107.55,21.03,58.61,27.27,25.06,58.4,53.27,78.44,84.12,155.87,42.98,27.26,65.27,93.26,321.41,740.55,15.96,14.48,29.04,36.11,10.42,15.93,15.96,12.41,7.9,11.26,14.98,111.4,55.21,32.88,15,35.5,31.42,66.77,82.86,95.94,22.45
23.91,22.07,27.11,73.49,56.82,73.25,34.18,90.93,24.85,34.33,26.82,11.9,106.76,20.06,57.11,26.67,24.31,57.25,53.61,75.08,81.94,148.48,42.63,27.12,65,93.7,322.95,722.02,15.43,13.97,28.89,36.6,10.03,15.74,15.56,12.55,7.72,10.97,14.56,109.71,54.49,31.36,14.55,34.77,31.12,66.36,81.07,94.22,21.98
23.91,22,27.04,73.03,57.14,73.4,33.59,91.73,24.85,34.38,27.16,12.17,109.14,20.03,57.11,26.28,24.24,58.24,52.58,72.08,81.94,146.77,41.48,26.99,65.09,92.38,316.03,730.89,15.65,14,28.97,36.66,10.11,16.74,15.74,12.76,7.9,11.47,14.64,109.71,54.73,30.98,15.55,34.64,31.16,66.98,80.38,92.07,21.87
23.69,21.83,25.89,70.49,56.66,71.7,32.77,88.93,24.44,34.33,26.72,12.17,111.52,20.03,56.86,26.14,23.63,59.47,53.55,73.14,82.3,152.18,41.12,26.63,65.09,94.14,299.88,717.19,15.21,13.61,28.42,36.04,9.63,16.08,15.46,12.07,7.72,11.18,14.02,108.01,54.41,31.25,16.1,34.05,31.16,66.57,79.01,92.07,21.48
23.95,21.96,26.11,70.34,56.82,73.56,33.29,88.54,24.7,34.22,27.26,12.4,109.54,20.06,56.61,26.38,23.56,60.86,54.23,74.28,81.58,151.89,43.99,26.18,65.09,87.98,296.04,717.19,15.43,13.64,28.71,36.18,10.26,15.97,15.49,12.24,7.75,11.26,14.45,108.01,54.25,30.98,16.15,33.78,31.27,67.26,77.98,91.21,21.32
24.13,22.03,26.69,70.8,57.62,73.71,33.73,88.54,24.92,34.43,27.37,12.75,110.33,21.44,57.86,26.74,24.92,61.11,53.68,74.64,83.75,150.75,44.27,26.27,65.09,88.42,306.03,720.41,15.52,13.79,29.11,36.8,10.22,16.93,15.78,12.41,7.84,11.42,14.76,111.82,54.81,32.12,16.3,34.32,31.35,67.81,80.29,92.93,21.75
24.28,22.03,26.82,71.11,57.7,73.64,33.32,90.93,24.78,34.49,27.26,12.75,108.75,21.88,57.86,26.84,25.03,61.44,53.48,74.64,83.03,149.05,43.92,26.49,65.09,87.98,319.1,706.71,15.59,14,29.55,37.5,10.7,17.44,15.88,12.68,8.05,11.61,14.98,110.13,54.41,31.52,16.05,34.09,31.27,67.39,79.35,92.07,22.45
24.24,22.1,27.04,71.95,57.7,74.41,33.36,91.33,24.92,34.49,27.3,12.71,108.75,21.75,58.36,26.77,25.81,61.19,53.61,75.26,82.67,147.91,43.56,26.45,65.09,88.86,316.03,697.04,15.52,13.94,29.44,38.27,10.46,17.52,15.96,12.68,8.11,12.4,14.96,109.71,54.25,31.47,16.25,33.91,31.16,68.29,80.12,92.5,22.33
24.17,21.96,26.75,72.18,57.94,75.26,34.14,91.33,24.78,34.85,27.84,12.78,110.33,21.88,58.36,26.88,25.85,61.35,53.55,74.9,82.67,151.89,43.41,26.31,65.09,89.74,311.8,683.34,15.52,13.94,29.41,38.2,10.46,17.22,15.81,12.68,8.08,12.46,14.87,108.44,54.25,31.63,16.2,33.6,31.57,68.64,80.12,92.93,21.9
23.39,21.56,26.37,72.34,58.25,75.34,33.53,89.33,24.63,34.7,27.94,13.2,109.54,22.19,57.36,26.81,25.92,62.17,53.2,72.34,83.75,147.91,43.34,26,65.09,88.86,305.65,706.71,15.3,13.7,28.97,37.22,10.15,16.93,15.46,12.33,8.14,12.24,14.67,108.44,54.09,31.42,16.2,32.87,31.68,67.33,80.38,92.5,21.51
23.14,21.56,26.59,73.34,59.45,75.26,33.94,88.54,24.55,34.59,27.84,13.63,111.13,22.57,57.36,26.84,26.96,62.99,53.06,72.34,82.67,149.33,44.06,26.04,65.09,89.74,307.57,705.1,15.71,14.06,29.33,37.78,10.11,17.11,15.71,12.37,8.29,12.51,15.32,107.17,54.65,31.63,16.6,33.01,31.76,71.05,80.47,92.5,21.71
23.43,21.59,26.53,74.26,61.99,75.88,33.73,89.33,24.7,34.49,27.6,13.82,112.32,23.57,58.36,26.84,28.1,63.98,53.41,73.14,85.93,150.19,44.13,26.85,65.09,91.06,308.72,717.19,15.59,14.06,29.33,37.92,10.22,17.15,15.74,12.37,8.32,12.51,15.47,107.17,54.97,31.63,17.1,33.78,31.83,71.05,81.66,93.36,21.87
23.28,21.49,26.05,73.49,61.99,75.11,33.42,87.74,24.59,34.28,27.6,13.51,109.54,23.32,58.61,26.81,28.07,62.67,52.31,72.17,86.29,149.62,43.92,26.27,65.09,87.98,306.03,720.41,15.49,13.94,29.19,37.43,10.22,16.96,15.81,12.46,8.35,12.7,15.27,108.01,54.81,31.15,16.8,32.74,31.87,71.05,81.66,93.79,21.75
23.39,21.42,25.76,74.41,61.51,75.03,32.36,88.93,24.55,33.85,27.2,13.4,108.75,22.95,57.61,26.67,27.46,61.19,52.38,71.64,85.57,146.77,44.42,25.77,65.09,87.72,304.11,715.57,15.37,13.85,29.19,36.87,10.15,16.56,15.85,12.63,8.2,12.54,15.3,107.17,54.73,30.82,16.95,31.78,31.9,72.08,80.81,92.07,21.55
23.39,21.46,26.01,73.8,61.99,74.41,31.95,88.93,24.48,33.96,27.06,13.32,106.76,22.51,57.86,26.84,27.57,61.76,53.13,71.02,84.12,146.77,44.06,25.81,65.09,91.5,302.96,721.22,15.33,13.88,29.19,37.15,10.11,16.56,16.1,12.72,8.23,12.67,15.21,105.05,55.21,31.15,16.6,31.65,31.9,73.46,79.61,92.93,21.71
23.25,21.39,25.76,73.57,62.55,75.19,32.74,89.73,24.4,33.96,26.89,13.32,107.16,22.69,58.11,26.7,27.24,61.52,53.13,71.19,83.75,149.05,44.06,25.91,65.33,90.62,304.49,747,15.49,14.03,29.37,37.29,10.5,17.07,16.17,12.94,8.32,12.96,15.27,105.05,54.81,31.09,17.75,31.88,32.2,72.43,79.78,93.79,21.79
23.28,21.52,25.66,73.95,62.7,75.96,33.49,88.54,24.78,33.96,27.16,13.32,107.55,22.76,60.11,26.91,27.32,61.19,53.41,71.81,85.93,149.62,44.35,26.31,64.96,93.7,308.34,765.54,15.49,14.12,29.37,37.29,10.38,17.22,16.35,12.85,8.56,12.78,15.38,106.32,54.97,31.52,18.45,33.46,32.02,72.43,80.21,93.79,21.79
23.21,21.59,25.79,74.56,62.78,76.89,33.87,88.14,24.85,33.96,27.4,13.78,109.54,23.26,61.85,27.34,29.07,61.68,53.48,70.75,84.48,147.34,44.13,26.09,64.96,93.7,312.18,785.68,15.46,14.09,29.48,37.29,10.34,17.33,16.74,12.72,8.47,12.86,15.27,105.89,54.81,30.88,18.3,33.1,32.35,75.88,79.87,95.08,21.59
23.14,21.76,25.69,76.25,63.98,82.16,33.9,87.34,25.07,33.85,26.89,13.85,106.76,22.95,62.35,27.2,29.46,62.58,52.65,70.05,85.21,149.05,44.06,26.13,65.33,93.7,304.49,788.9,15.55,14.21,29.62,37.57,10.5,17.41,16.81,12.81,8.47,13.2,15.15,105.05,54.81,30.82,18.4,33.28,32.39,75.19,80.64,94.22,21.55
22.25,21.29,25.4,78.33,68.43,82.16,34.69,85.35,25.89,34.12,26.62,13.47,100.41,22.38,62.1,26.03,29.36,61.93,50.45,67.75,84.48,149.05,43.06,25.45,64.38,94.58,283.35,797.77,15.33,14.18,29.66,36.87,10.3,17.67,16.63,12.63,8.38,12.88,15.27,103.78,55.05,30.28,17.7,31.83,32.5,75.19,83.03,93.36,21.32
22.21,21.32,25.6,77.94,67.31,81,34.55,87.74,25.7,34.01,25.84,13.01,97.63,22.32,59.86,26.42,28.96,60.53,51.42,66.69,81.58,146.49,42.91,24.91,64.67,91.5,265.66,800.19,15.18,14.03,29.22,36.87,10.38,17.22,16.28,12.59,8.2,12.56,14.93,108.44,55.37,29.47,17.15,31.56,32.5,73.12,82.18,91.21,21.24
22.03,20.74,25.47,77.56,64.69,79.06,33.63,86.14,25.22,33.17,25.36,12.75,98.03,21.38,59.36,25.82,28.1,59.06,50.11,64.57,80.49,140.51,41.27,24.37,63.94,90.62,271.81,764.73,14.61,13.4,28.2,35.48,10.07,16.04,15.74,12.02,7.81,12.16,14.25,105.89,54.81,28.93,17.75,30.7,31.16,71.39,80.04,91.21,20.93
21.92,20.27,25.18,77.56,63.34,79.06,32.5,80.16,24.81,32.06,24.34,12.4,95.65,20.75,57.86,25.15,26.53,58.56,50.18,65.1,78.32,131.7,39.4,23.74,63.5,87.01,265.28,747.81,13.76,12.77,27.73,33.57,9.44,15.23,15.6,11.2,7.39,11.58,13.59,104.62,53.37,27.63,16.7,29.93,31.42,68.5,77.9,90.35,20.66
21.99,20.47,25.18,75.26,64.53,78.29,32.71,81.76,24.92,32.12,24.61,12.55,97.63,21.82,58.36,25.29,27.6,59.47,50.18,67.48,78.32,140.8,39.83,24.01,64.08,91.94,267.59,757.48,14.01,12.8,27.76,33.57,9.48,15.37,15.88,10.9,7.51,12.16,13.76,104.62,53.13,28.87,16.8,29.75,31.49,70.71,77.56,89.49,20.73
22.29,20.57,25.11,76.79,66.52,81,32.98,78.17,24.92,31.96,24.58,12.4,100.01,22.04,57.36,25.78,28.96,59.47,48.73,66.87,80.49,143.93,39.4,23.92,63.57,91.06,270.28,784.07,13.92,12.62,27.76,33.67,9.28,15.15,15.96,10.98,7.54,12.24,13.48,103.35,52.97,29.47,17.35,29.29,31.31,71.74,77.98,88.63,20.73
22.29,20.61,24.95,75.72,67.15,80.61,32.23,76.89,24.85,32.38,24.61,12.48,98.43,21.82,57.36,26.14,29.21,59.14,46.81,67.93,80.85,141.94,40.12,24.28,64.01,90.18,267.59,780.85,13.95,12.74,27.8,33.74,9.44,15.52,15.85,10.94,7.66,12.24,13.48,102.51,53.05,28.44,18.05,29.7,31.64,74.15,75.76,86.05,20.89
22.18,20.34,24.76,76.41,68.19,81.39,31.88,77.77,24.55,32.59,24.45,12.36,98.43,21.32,57.36,26,29.36,59.47,48.25,67.66,79.4,139.95,40.26,24.55,63.72,89.74,260.67,776.82,13.73,12.53,27.65,33.33,9.2,15.19,15.6,10.68,7.51,11.9,13.08,102.51,52.17,28.66,17.6,30.11,31.42,73.81,75.76,87.34,20.73
22.32,20.71,25.31,79.09,69.3,81.39,33.49,78.65,24.96,32.54,24.78,12.55,99.62,21.82,58.11,26,28.93,59.88,49.15,67.04,81.22,142.51,40.84,24.46,64.23,92.82,263.74,800.19,14.55,13.13,28.24,34.23,9.71,15.82,16.38,11.29,7.81,12.72,13.99,102.93,53.29,29.04,17.7,30.11,31.35,74.84,78.33,91.64,21.09
22.58,20.74,25.18,80.63,69.3,83.33,33.08,77.05,24.81,32.64,25.26,12.48,100.81,21.79,56.86,26.03,28.82,60.21,49.42,65.1,80.13,143.07,40.41,24.05,64.23,91.5,260.67,805.83,14.26,13.1,28.13,33.85,9.56,15.78,16.24,11.07,7.69,12.59,13.91,104.2,53.61,29.09,17.55,29.93,31.64,74.84,78.75,92.07,21.01
22.14,20.24,24.73,79.09,69.3,82.16,32.06,73.7,24.63,31.85,25.12,12.17,101.2,21.41,55.62,25.08,28.18,59.47,48.25,63.6,78.32,142.22,39.12,23.6,64.08,88.86,254.9,797.77,14.04,12.89,27.65,33.26,9.32,15.45,15.88,10.77,7.48,12.38,14.05,103.35,53.77,28.39,16.4,28.71,31.16,73.46,77.04,89.49,20.73
21.81,20.2,24.47,75.87,67.31,77.51,31.82,72.1,24.89,32.12,24.75,11.79,100.41,21.16,54.87,24.72,27.53,58.24,47.08,62.27,75.42,142.22,39.76,23.29,64.23,87.45,256.82,800.19,13.92,12.77,27.44,32.91,9.16,15.08,15.74,10.68,7.42,12.38,13.99,102.93,53.21,28.06,15.35,28.07,31.49,71.74,77.47,90.35,20.31
21.66,20.2,24.08,76.25,67.79,77.9,31.85,74.98,24.92,31.64,24.68,11.86,97.63,20.88,54.37,24.37,28.18,57.83,46.88,62.89,75.78,146.49,39.62,23.65,64.38,87.28,256.82,803.41,13.89,12.65,27.36,32.91,9.2,15.26,15.53,10.77,7.39,12.54,13.88,102.93,54.09,28.39,15.6,28.07,31.64,70.71,76.53,89.92,20.11
21.7,20.24,24.31,76.41,68.11,78.29,31.51,73.54,24.85,31.43,25.12,11.79,98.03,20.88,54.37,24.55,29.29,57.83,48.25,63.42,76.87,153.03,41.62,24.28,64.52,89.3,256.82,858.21,13.76,12.62,27.4,32.98,8.97,14.97,15.28,10.81,7.36,12.35,13.71,104.62,53.21,28.6,15.6,28.62,31.64,71.39,76.79,91.21,20.23
21.73,20.85,24.34,76.33,67.31,79.06,32.71,74.26,25.18,31.48,25.5,12.09,101.2,21.35,56.86,25.04,28.93,58.56,48.94,64.75,81.58,157.01,43.56,24.37,64.89,92.38,252.21,878.35,13.85,12.83,27.51,33.46,9.2,15.3,15.53,10.85,7.6,12.59,13.82,106.74,53.77,29.47,15.35,29.61,31.76,72.43,75.76,93.36,20.54
21.88,20.34,23.79,72.8,63.98,76.58,32.23,73.38,25,31.54,24.95,11.83,100.81,21,55.87,24.65,28.93,57.74,48.12,64.3,81.22,152.46,41.55,23.92,64.3,90.18,265.66,886.41,13.6,12.65,27.18,32.91,9.04,14.97,15.24,10.68,7.6,12.67,13.68,105.05,53.93,29.09,15.1,28.98,31.61,71.74,72.85,91.21,20.23
22.88,21.01,24.73,73.18,66.92,78.29,31.47,74.1,25.37,32.22,25.53,12.02,102.79,21.47,56.61,24.72,29.54,58.07,48.12,66.42,85.57,152.75,43.06,24.46,64.96,91.5,261.82,886.41,14.17,12.83,27.4,33.53,9.24,15.23,15.49,10.81,7.81,12.64,13.99,106.74,54.81,30.17,15.4,30.15,31.79,74.5,74.73,90.35,20.5
23.14,21.08,24.18,74.87,67.79,81,30.41,72.42,25.22,32.43,25.67,12.17,104.78,21.75,58.61,24.69,28.78,58.89,47.63,65.81,84.48,153.03,43.7,24.6,65.18,90.18,257.97,898.5,14.11,12.86,27.62,33.78,9.32,15.23,15.63,10.81,7.78,12.78,14.1,107.59,54.41,30.66,15.4,31.15,31.79,76.57,76.61,91.64,20.66
23.02,20.98,24.21,74.49,66.44,78.67,29.22,72.82,25.22,31.96,25.53,11.94,103.59,21.35,58.36,24.09,28.53,58.15,47.43,64.75,84.12,150.47,43.2,24.1,64.82,96.34,255.28,874.32,14.11,12.86,27.62,33.74,9.36,15.45,15.71,10.81,7.78,12.78,14.13,108.86,54.57,30.6,15.4,30.34,31.79,75.19,75.24,90.78,20.46
23.21,21.29,24.76,74.26,66.52,80.61,28.94,73.86,25.15,32.33,25.74,11.86,105.97,21.53,57.86,24.83,27.93,58.65,47.43,64.66,83.39,148.48,42.98,24.42,65.18,98.98,262.2,886.41,14.14,12.92,27.44,33.5,9.32,15.37,15.74,10.85,7.84,12.83,14.05,111.4,54.73,30.39,15.6,30.52,31.87,74.5,76.1,89.92,20.54
23.32,21.29,24.73,72.87,66.12,79.45,29.32,74.02,25.07,34.22,25.67,11.6,102.79,20.47,58.11,24.65,27.17,58.56,47.63,65.19,85.21,147.63,41.98,24.42,64.67,99.86,263.74,906.56,14.23,12.95,27.47,33.85,9.32,15.41,16.03,11.07,8.05,13.07,13.91,110.55,54.65,29.09,15.65,30.25,31.72,73.81,76.27,91.21,20.66
23.17,21.15,24.63,70.8,64.37,76.81,28.74,73.06,24.89,34.59,25.33,11.25,100.41,19.94,56.61,24.16,26.03,57.83,47.08,64.57,83.39,146.77,40.84,24.1,64.52,99.86,267.59,882.38,14.29,12.86,27.73,33.33,9.24,15.45,16.17,11.03,7.9,12.96,13.88,110.13,54.01,27.85,14.75,29.16,31.79,72.43,76.19,89.49,20.35
22.84,21.18,24.5,71.26,64.37,76.66,28.81,74.18,24.78,34.7,24.92,11.37,98.03,20.03,56.36,22.96,25.99,57.42,45.57,62.89,82.67,143.93,39.19,23.92,64.67,97.66,265.28,834.03,14.07,12.8,28.06,33.22,9.08,15.12,15.88,10.98,7.69,13.02,13.85,108.86,53.77,25.95,14.35,28.84,31.87,71.39,74.99,87.77,20.11
23.43,21.63,24.76,75.41,65.57,80.61,28.87,72.18,25.48,34.43,24.65,11.18,98.43,19.94,56.11,22.71,26.06,57.66,45.02,61.83,79.77,143.07,38.4,23.29,64.74,99.86,258.36,825.97,13.48,12.53,27.62,32.04,8.49,14.56,15.67,10.24,7.54,12.8,13.48,111.4,54.09,25.79,15,28.34,31.83,67.6,79.95,86.91,20.03
22.8,21.01,24.53,75.26,64.53,80.23,28.33,67.8,25.48,33.49,23.46,10.95,96.44,19.37,54.37,21.62,25.03,55.78,45.23,59.18,76.14,140.51,37.18,21.98,64.52,94.58,244.9,777.62,13.22,12.17,27,30.61,8.06,14.04,14.74,10.11,7.42,12.14,13.17,113.52,54.41,25.74,14,26.67,31.49,64.15,80.89,80.88,19.64
22.95,21.32,24.37,75.41,66.68,79.84,29.49,69.47,25.52,35.12,23.94,10.79,95.65,19.37,52.62,21.86,25.6,56.19,46.33,60.24,77.95,139.38,37.76,22.2,64.6,97.66,252.59,830,13.29,12.23,27.25,30.4,8.45,14.3,14.96,10.16,7.57,12.38,13.42,111.4,54.01,26.06,13.85,27.03,31.57,67.26,80.47,77.61,19.8
23.21,21.52,24.57,76.33,67.15,80.61,29.52,70.51,25.48,35.8,23.8,11.06,93.66,18.96,50.38,22.11,25.35,55.28,46.4,59.09,77.23,139.38,37.76,22.57,64.16,97.66,264.51,813.89,13.51,12.26,27.47,29.95,8.42,14.3,15.03,10.24,7.63,12.72,13.57,108.86,54.49,26.06,13.1,26.49,31.72,66.01,79.18,78.39,20.23
23.69,21.59,24.57,76.02,67.47,82.55,29.49,70.99,25.59,35.8,23.97,11.18,94.06,19.75,50.13,22.78,25.88,56.02,47.15,61.3,76.14,143.93,38.11,23.02,64.01,99.86,266.43,838.06,13.51,12.29,27.62,30.54,8.49,14.38,15.17,10.42,7.75,12.59,13.51,111.4,54.09,26.47,13.7,26.67,32.09,67.39,78.58,82.26,20.31
23.76,21.66,24.4,77.94,67.79,83.71,29.56,73.06,25.44,35.49,23.77,11.33,94.85,20.41,51.87,22.78,25.92,56.6,47.15,61.12,77.23,143.36,38.4,22.66,64.23,98.1,262.2,838.06,13.57,12.35,27.51,31.1,8.73,14.67,15.39,10.5,7.78,12.7,13.65,109.71,54.17,26.17,14.4,26.94,32.13,66.7,78.41,82.43,20.31
23.95,21.76,24.92,77.18,67.39,82.55,30.72,73.22,25.52,35.64,23.94,11.25,96.84,20.41,52.12,22.68,25.81,56.27,47.84,60.24,78.68,140.23,37.9,22.57,64.74,98.54,267.59,838.06,14.39,12.62,27.58,31.69,8.85,14.89,15.74,10.64,7.9,12.83,13.96,110.13,54.33,26.23,14.35,26.8,32.02,65.74,77.81,82,20.31
24.69,22.1,25.34,77.94,67.55,84.1,30.55,72.58,25.67,35.96,24.11,11.37,97.24,20.06,51.38,22.99,25.56,56.35,48.32,63.16,78.68,142.79,37.97,22.39,65.18,98.54,267.59,813.89,14.67,12.83,27.95,31.69,8.89,15.15,15.96,10.64,7.9,13.04,14.16,110.98,54.57,26.93,13.95,27.85,31.98,66.5,79.1,79.59,20.5
24.61,22.07,25.18,77.18,66.76,83.33,30.82,72.74,25.67,35.64,23.94,11.48,98.03,20.5,52.12,22.96,25.81,56.92,48.12,64.92,80.13,145.07,37.68,22.48,65.33,95.9,263.36,846.12,14.67,12.89,27.95,31.59,8.89,14.89,16.03,10.59,7.81,13.04,14.16,109.71,54.49,27.47,14.9,27.57,31.64,67.26,78.75,74.17,20.73
24.72,22.13,25.43,77.18,66.44,83.71,32.29,72.74,25.7,35.75,24.07,11.56,98.82,20.78,52.87,23.1,25.85,58.4,48.05,64.3,78.68,144.21,38.9,22.52,65.18,94.58,263.74,854.18,14.52,12.92,28.09,31.62,8.85,14.89,16.1,10.59,7.9,13.2,14.19,110.13,54.97,27.63,15.1,28.3,31.87,68.08,79.44,75.12,20.73
25.09,22.17,25.5,76.79,67.15,83.71,31.82,71.07,25.67,35.49,24.51,11.52,95.25,20.16,52.37,21.76,25.63,58.24,45.57,59.89,76.87,135.96,38.47,22.25,65.62,93.26,261.82,850.15,14.55,12.89,28.09,32,8.85,15,16.1,10.64,7.93,13.1,14.25,109.28,55.37,25.71,15.2,27.62,32.02,67.46,79.44,76.07,20.7
26.2,22.51,25.5,79.09,67.79,86.04,32.02,68.83,25.81,35.54,24.51,11.6,95.25,19.56,52.87,21.19,25.56,58.07,47.08,55.74,78.32,137.1,38.9,22.25,65.84,93.26,262.2,870.29,14.83,13.01,28.31,32.53,9.2,14.97,16.2,10.85,7.9,13.12,14.13,112.25,55.45,25.2,15.2,27.03,32.84,66.08,80.98,75.64,20.81
26.57,22.78,25.69,80.25,68.27,87.2,31.85,70.59,26.07,35.54,24.58,11.6,93.27,19.9,52.12,20.94,25.74,57.66,47.15,53.62,79.77,140.51,40.41,22.11,66.72,94.14,257.97,882.38,14.89,13.13,28.53,33.33,9.2,15.37,16.38,11.03,7.93,13.31,14.27,112.67,55.69,24.9,15.4,26.76,33.02,65.67,82.43,76.41,20.77
26.2,22.4,25.95,79.48,68.9,86.43,31.1,68.99,26.07,35.91,24.58,11.71,92.47,20,51.38,20.63,26.35,57.91,47.15,53,81.22,144.78,39.76,23.2,67.09,95.02,259.9,926.7,14.86,13.22,28.49,33.78,9.32,15.63,16.49,11.07,7.96,13.31,14.3,110.55,55.37,25.2,15,27.3,32.76,63.53,82.61,75.46,21.16
26.79,22.71,25.95,79.86,69.14,86.43,31.68,70.43,26,36.38,24.99,11.6,94.06,20.09,52.87,20.13,26.06,57.99,48.46,50.44,81.94,141.08,39.33,22.61,66.94,92.38,263.74,918.64,15.02,13.16,28.38,33.53,9.28,15.56,16.38,11.03,8.02,13.15,14.27,112.25,55.61,25.41,15.15,27.12,32.24,65.46,82.35,76.58,21.24
26.9,23.05,26.14,81.4,69.94,89.91,32.33,72.74,26.07,36.85,25.26,11.75,100.41,20.5,54.62,20.13,26.85,59.79,49.49,48.85,83.39,144.78,39.76,23.15,67.23,95.46,268.74,966.99,15.37,13.52,28.89,33.4,9.4,15.74,16.81,11.03,8.23,13.23,14.36,113.1,55.85,25.25,15.15,27.8,32.69,67.6,83.8,78.39,21.51
26.86,22.98,26.4,81.4,70.02,92.24,32.29,76.49,26.15,37.38,25.12,11.86,102.79,20.19,54.62,20.13,25.99,59.71,50.52,50.26,84.12,143.93,39.76,23.11,67.09,95.9,269.89,966.99,15.33,13.55,28.86,33.01,9.4,15.74,16.7,10.9,8.35,13.26,14.33,112.67,55.93,25.22,15.15,27.85,32.54,69.33,83.89,82.43,21.71
27.56,23.49,26.21,80.25,69.94,91.08,32.19,75.22,26.11,37.07,25.33,11.94,103.59,19.97,53.62,21.05,25.96,59.79,49.63,51.32,83.75,144.78,39.55,23.47,67.09,95.46,269.12,934.76,15.4,13.58,28.82,33.08,9.36,15.82,16.7,10.85,8.35,13.2,14.3,114.79,55.93,25.52,15.1,28.98,32.54,68.98,84.57,82.43,21.71
27.75,23.59,25.92,80.63,70.17,91.85,31.37,76.17,26.04,36.75,24.99,11.83,103.19,19.87,54.37,21.16,25.96,58.32,50.38,50.08,84.84,140.8,38.11,23.29,67.01,93.7,272.2,966.99,15.27,13.49,29,32.32,9.04,15.26,16.63,10.68,8.35,13.31,14.08,118.18,56.33,24.93,15.1,28.93,32.61,69.33,84.06,81.4,21.71
27.05,23.05,25.4,79.86,68.66,89.91,31.13,74.18,25.93,36.28,24.72,11.75,98.03,19.12,52.62,20.98,25.2,57.5,49.49,50.17,83.39,140.51,37.4,22.79,66.72,92.38,266.05,926.7,14.96,13.34,28.71,32.28,9.08,14.78,16.24,10.55,8.17,13.15,14.08,114.37,55.61,24.39,14.8,28.34,32.43,68.08,83.63,79.68,21.51
27.23,23.01,26.05,81.4,68.66,89.14,31.47,74.98,26.04,36.75,24.75,11.71,100.41,18.84,53.12,21.19,25.56,57.99,48.67,49.82,85.93,141.08,37.61,23.02,66.21,95.46,267.2,946.85,14.89,13.4,28.71,32.46,9.12,14.64,16.35,10.64,8.29,12.78,13.96,113.52,56.49,24.49,14.65,29.16,32.13,66.08,83.03,80.11,21.59
27.82,24.3,25.89,80.63,68.9,87.98,31.34,74.5,25.96,36.59,24.99,11.6,99.62,18.71,54.12,21.37,25.63,57.25,49.63,49.55,87.02,137.39,37.9,22.84,66.57,94.14,260.67,983.11,14.89,13.37,28.6,32.35,9.04,14.45,16.24,10.55,8.29,12.88,13.93,113.52,57.53,24.79,14.55,28.43,32.09,65.88,83.03,83.9,21.63
27.49,23.79,25.63,79.86,68.59,86.04,30.93,73.38,25.85,35.85,24.55,11.41,99.22,18.02,52.37,21.12,24.92,56.76,49.35,48.76,86.29,135.39,37.83,22.61,66.57,92.82,258.36,983.11,14.74,13.19,28.64,31.86,8.97,14.45,16.03,10.5,8.11,12.7,13.68,113.94,58.41,24.55,14.25,28.12,32.02,65.6,81.41,83.64,21.44
27.53,24.27,25.66,81.01,68.35,87.2,31.3,73.3,25.67,35.91,24.45,11.29,100.01,18.43,52.37,20.91,24.52,56.6,49.56,46.81,92.09,135.39,38.26,22.2,66.94,93.7,246.06,983.11,14.86,13.1,28.93,31.69,8.97,14.6,16.28,10.46,8.08,12.64,13.62,116.06,59.05,24.44,14.1,27.62,31.98,64.7,83.21,83.38,21.28
27.71,24.07,25.66,80.63,67.55,86.04,30.82,70.67,25.67,36.07,24.11,11.41,100.01,18.56,51.63,21.09,23.92,55.86,47.57,46.37,92.82,135.11,38.11,22.39,67.16,89.74,237.6,971.02,14.64,12.83,28.35,31.06,8.77,14.49,16.06,10.29,7.75,12.4,13.48,118.6,58.41,24.41,14.55,27.57,31.83,64.84,83.63,81.49,21.12
29.63,24.91,26.14,82.17,69.54,87.2,30.86,72.26,25.89,36.43,25.02,11.56,103.19,18.62,53.87,21.09,25.06,57.25,48.73,43.19,98.98,137.39,38.69,22.57,67.31,88.86,236.83,1019.37,15.3,13.19,29.04,31.66,9.08,14.78,16.42,10.59,7.93,12.56,14.13,116.06,59.53,25.01,15.1,28.3,32.17,65.6,84.15,81.74,21.55
29.78,24.91,26.79,87.54,70.25,90.3,31.99,74.9,26.04,37.86,25.12,11.71,105.17,19.4,54.62,21.4,25.13,57.99,49.97,43.72,97.17,141.37,38.83,22.25,67.38,89.3,241.83,1011.31,15.93,13.76,29.48,32.63,9.36,15.12,17.02,10.85,8.17,13.12,14.9,117.33,60.33,25.28,14.8,28.52,32.02,67.6,85.43,83.12,21.75
29.26,24.44,26.72,86.39,70.1,88.75,32.23,73.62,26.04,37.01,25.12,11.64,104.78,19.84,54.62,21.83,25.53,58.15,49.77,45.14,97.17,141.94,39.4,22.34,67.38,89.74,239.14,1011.31,15.93,13.82,29.84,32.91,9.59,15.15,17.34,10.9,8.26,13.07,14.84,122.84,59.37,25.44,15.15,28.43,32.46,66.98,85.17,82.09,21.75
29.52,24.54,26.82,84.85,68.59,87.2,32.5,73.86,26,37.01,24.89,11.52,105.17,19.65,53.62,21.58,24.74,57.66,49.49,43.72,97.17,140.23,39.26,22.39,66.87,87.98,234.91,1031.46,15.96,13.97,30.5,33.43,9.67,15.19,17.24,10.94,8.35,13.36,15.07,127.92,59.05,25.2,14.85,28.07,32.31,66.7,84.92,81.92,21.67
29.78,24.54,26.69,85.24,69.14,87.98,31.82,73.78,26.11,38.07,25.19,11.67,105.57,20.09,54.12,21.9,25.17,57.66,49.7,44.16,98.62,142.22,39.76,22.48,67.23,88.86,240.67,1035.49,15.62,13.67,29.77,32.56,9.4,14.93,17.09,10.68,8.14,13.15,14.84,124.11,59.45,25.09,14.8,28.39,32.13,67.33,83.89,82.61,21.75
31.44,25.29,26.95,87.93,69.86,89.53,32.02,74.26,26.3,38.17,24.99,11.71,106.36,20.37,54.37,22.46,25.35,59.3,51.42,45.05,97.9,150.19,39.47,22.43,67.09,92.38,246.44,1023.4,15.9,13.94,30.43,33.12,9.56,15.15,17.91,10.85,8.29,13.73,15.18,130.89,59.53,25.47,14.85,28.21,32.17,67.39,85.17,83.04,21.44
30.66,25.42,26.59,88.69,70.02,89.53,31.27,76.57,26.44,38.01,24.95,11.56,105.17,21.13,54.37,22.82,27.1,59.88,50.8,45.05,97.53,153.03,39.76,21.8,66.79,89.74,241.83,1047.58,15.74,13.85,30.35,33.05,9.48,15,17.84,10.72,8.17,13.79,15.24,127.92,59.45,27.04,14.5,27.12,32.13,67.26,85.17,81.31,21.28
30.96,25.96,26.53,89.85,69.78,89.53,30.79,77.05,26.26,38.07,24.61,11.37,101.6,20.88,54.12,22.92,27.35,60.04,50.25,47.34,99.35,146.77,40.48,20.72,66.72,83.5,243.36,1047.58,15.74,13.76,30.65,33.26,9.44,14.71,17.81,10.9,8.17,13.97,15.07,133,59.13,27.85,14.35,26.62,32.35,71.74,86.03,80.54,21.05
29.56,25.69,26.34,89.08,68.43,87.59,30.69,75.77,26.26,38.12,24.99,11.44,102.79,20.88,52.87,22.96,27.6,61.19,51.42,48.05,101.16,149.62,41.41,20.94,66.87,80.06,259.51,975.05,15.77,13.85,30.79,33.05,9.36,14.78,17.74,10.72,8.23,13.97,14.98,134.7,58.97,27.85,13.6,26.26,32.28,71.05,85.52,83.12,20.85
30.15,25.52,26.05,87.16,67.55,84.88,31.03,75.37,26.19,38.59,24.92,11.44,104.78,20.69,52.87,22.92,27.5,60.53,50.66,47.52,107.32,151.32,42.48,20.76,66.72,81.12,264.51,971.02,15.74,13.73,30.32,32.59,9.28,14.89,17.63,10.64,8.11,13.84,15.13,130.04,58.41,27.41,14.15,25.63,32.02,71.39,83.72,83.21,20.73
29.41,25.42,26.34,86.39,67.55,85.26,30.76,75.53,26.04,41.28,24.78,11.48,103.59,21.03,53.87,22.64,27.85,61.35,49.9,47.26,105.15,152.75,43.41,20.81,66.87,78.3,267.2,1007.28,16.06,13.82,30.1,32.7,9.32,15.04,17.99,10.64,8.14,14.08,15.21,128.34,58.97,27.47,14.05,25.67,32.35,71.39,84.83,88.63,20.62
28.56,25.01,26.14,85.62,66.68,82.16,30.93,76.57,25.96,40.91,24.61,11.48,103.98,21.03,53.62,22.75,27.24,61.52,49.63,47.26,106.96,151.32,42.48,21.08,66.87,79.36,267.2,991.17,15.84,13.79,30.28,32.28,9.28,14.82,17.59,10.46,8.2,14,14.93,128.34,58.41,27.09,13.9,25.63,32.05,71.05,82.78,88.63,20.93
29.41,25.42,27.14,86.01,65.96,81.78,31.61,77.21,26,41.59,24.92,11.64,105.97,21.57,54.37,22.99,27.46,61.93,48.94,47.87,106.23,149.62,41.77,21.53,67.31,78.39,276.81,975.05,15.9,13.88,30.94,32.73,9.48,14.86,17.74,10.59,8.41,14.21,15.07,133,59.05,27.96,14.2,25.81,32.28,71.74,83.29,92.5,21.24
29.22,25.56,26.98,87.93,67.39,83.71,31.61,77.29,26,41.7,24.78,11.56,105.97,21.19,54.37,22.85,27.21,61.03,49.56,47.34,104.78,149.05,41.05,21.57,67.45,78.83,271.05,950.88,16,13.88,30.76,32.77,9.52,14.82,17.7,10.64,8.38,14.11,15.07,131.31,58.81,28.01,14.05,25.76,32.46,70.71,85.6,91.21,21.4
29.26,26.03,27.04,89.46,67,84.88,31.37,78.01,26.04,42.12,24.45,11.52,98.82,21.28,55.12,22.96,27.82,61.52,49.15,47.26,97.53,150.47,42.27,21.12,67.97,78.3,269.12,946.85,15.84,13.82,30.76,32.56,9.4,14.71,17.66,10.59,8.41,14.13,14.96,132.16,58.73,27.85,13.75,25.76,32.5,71.39,85.17,94.65,21.36
29.3,26.03,27.08,88.31,66.76,84.88,31.1,77.45,26.07,42.07,24.38,11.41,94.85,21.57,54.37,22.82,27.96,62.09,48.12,46.64,101.16,147.91,42.91,20.67,68.7,77.95,271.05,999.23,15.68,13.73,30.54,32.14,9.32,14.64,17.49,10.46,8.35,13.55,14.79,138.09,59.69,27.14,13.75,25.63,32.61,70.36,85.6,91.21,21.24
29.22,26.03,26.56,87.54,65.96,83.71,30.38,76.41,26.07,41.91,24.45,11.44,96.84,21.53,54.12,23.06,27.85,62.26,47.84,47.08,99.35,149.33,43.34,20.62,67.75,80.77,271.05,966.99,15.87,13.73,30.76,32.49,9.32,14.64,17.42,10.5,8.2,13.31,15.07,133.43,59.37,27.14,13.4,25.58,32.61,70.36,85.6,90.78,21.16
29.33,25.49,26.92,86.39,65.88,83.33,30.62,74.42,26,42.12,24.55,11.44,97.24,20.81,52.87,23.06,27.71,61.44,47.36,47.79,96.08,150.75,43.41,19.95,67.82,78.57,265.66,934.76,15.68,13.61,30.35,32.39,9.28,14.52,17.27,10.42,8.26,13.12,14.84,131.31,59.45,27.14,13.45,24.54,32.54,69.33,84.23,92.07,21.32
29.08,25.42,26.88,88.31,65.96,84.1,30.45,75.22,25.96,40.7,24.51,11.37,93.27,21.1,51.87,22.92,27.78,62.01,46.88,47.7,96.08,150.19,43.41,19.41,67.6,77.86,257.21,942.82,15.65,13.55,30.28,32.14,9.2,14.56,17.27,10.37,8.23,13.31,14.67,130.46,59.21,26.33,12.95,23.73,32.57,68.91,85.26,92.5,21.2
28.63,25.66,27.08,89.08,67,84.49,30.76,75.77,26.11,41.59,24.61,11.18,94.06,21.63,52.87,23.03,27.85,61.76,45.98,47.61,93.91,146.77,43.63,20.13,68.26,76.28,261.43,954.9,15.62,13.49,30.21,31.93,9.2,14.64,17.31,10.42,8.26,13.26,14.64,136.39,60.41,26.87,13,24.27,32.76,71.39,86.89,95.08,21.36
28.49,25.66,27.08,88.69,66.36,84.1,30.69,74.58,26,41.22,24.75,11.29,90.89,21.1,51.87,23.06,27.71,61.68,46.47,47.61,94.99,146.77,44.13,19.59,68.19,77.95,253.74,966.99,15.59,13.52,29.81,31.62,9.2,14.67,17.49,10.37,8.23,13.31,14.76,134.27,60.41,26.5,13.4,24.18,33.1,69.67,85.26,96.8,21.44
28.52,25.01,27.01,87.93,65.17,82.94,30.76,74.02,26.04,41.59,24.55,11.18,91.68,21.35,51.38,23.49,27.32,61.93,45.92,47.26,97.53,146.77,43.7,19.95,67.89,74.34,244.52,971.02,15.3,13.37,29.77,31.62,9.16,14.6,17.34,10.72,8.02,13.15,14.53,133,60.01,26.74,13.25,24.72,32.76,69.67,84.92,93.79,21.2
28.01,25.01,26.08,89.08,64.37,82.55,30.28,72.66,25.81,40.49,24.41,11.1,86.12,20.81,49.88,23.59,26.71,61.6,45.09,46.81,98.98,145.63,43.13,19.5,67.97,74.26,238.37,962.96,15.08,13.16,29.44,31.24,8.97,14.34,17.13,10.5,7.87,13.02,14.13,132.16,60.09,26.5,12.9,24.27,32.8,70.36,85.52,92.93,20.85
28.19,25.29,26.4,87.93,64.06,82.55,30.11,73.3,25.81,41.44,24.72,11.06,86.92,20.69,51.38,23.66,26.49,61.35,45.37,46.55,96.44,149.62,42.98,20.26,67.97,74.87,241.44,942.82,15.18,13.34,29.7,31.59,9.04,14.27,17.13,10.9,7.9,12.91,14.02,139.36,60.49,26.82,12.45,25.04,33.13,71.74,85.6,92.07,20.89
28.78,25.22,26.27,86.77,65.72,82.55,30.11,73.14,25.52,41.49,24.55,11.14,84.93,20.63,50.38,23.66,25.6,61.11,44.82,46.73,94.27,149.9,42.48,20.9,68.33,74.78,238.37,934.76,15.08,13.13,29.99,31.48,8.89,14.19,17.06,10.9,7.81,12.8,13.71,139.78,60.17,26.82,12.45,25.17,32.98,71.05,85.6,94.65,20.81
29.08,25.46,26.4,86.77,65.64,82.94,30.38,73.78,25.41,41.07,24.65,11.14,87.31,20.56,50.63,23.84,25.78,60.86,44.89,49.38,95.36,156.44,43.34,20.99,68.26,75.66,236.44,962.96,15.24,13.19,30.32,31.62,8.97,14.41,17.2,10.94,7.84,12.88,13.76,138.51,60.01,27.41,12.4,25.08,33.06,71.39,85.26,99.81,20.97
29,25.52,26.11,86.77,65.01,83.71,30.17,74.5,25.22,41.54,24.89,10.98,88.5,21.32,50.38,24.16,25.99,60.7,45.16,49.38,94.27,162.7,45.85,20.76,68.26,79.62,237.98,950.88,15.27,13.25,30.14,31.24,9.01,14.23,17.27,10.77,7.84,13.1,13.82,143.59,60.41,28.28,12.6,24.99,32.95,72.08,85.6,98.95,20.93
30.7,26.74,25.79,83.7,61.43,84.1,30.65,73.7,25.37,41.75,24.85,11.25,88.5,22.13,49.88,24.55,27.21,61.6,45.16,50.08,95.36,164.98,45.99,20.76,68.19,79.18,243.75,942.82,15.21,13.28,30.32,31.48,8.97,14.27,17.66,10.85,7.87,13.2,13.68,138.51,60.57,28.6,12.3,24.81,32.95,73.81,84.23,98.52,20.93
30.77,26.81,26.56,84.47,63.34,84.88,31.03,74.9,25.44,42.65,24.89,11.33,90.49,22.19,50.13,24.55,27.6,62.91,46.26,49.55,100.43,170.66,46.64,21.26,68.55,83.58,246.06,983.11,15.52,13.55,30.54,32.46,9.2,14.6,17.45,11.03,8.02,13.58,13.99,138.93,61.93,29.2,12.65,26.08,33.13,73.81,86.89,99.38,21.05
30.55,27.42,26.72,87.16,64.85,86.81,31.47,75.69,25.41,42.96,25.4,11.52,91.28,22.41,50.88,24.62,27.75,63.16,46.88,49.29,103.7,170.38,46.93,21.26,69.28,82.7,253.74,1003.25,15.59,13.58,30.68,32.53,9.2,14.86,17.66,10.98,8.11,13.68,14.13,136.82,62.09,29.31,12.6,26.44,33.88,73.46,86.89,97.66,21.32
30.81,27.32,26.4,87.16,64.53,84.88,31.51,74.82,25.29,43.02,25.43,11.52,89.7,22.26,49.88,24.37,27.21,62.67,46.4,45.84,101.52,166.68,46.28,20.94,69.72,80.59,246.44,971.02,15.33,13.43,30.65,32.56,9.16,14.78,17.56,10.85,8.08,13.68,13.96,138.51,62.97,28.87,12.4,26.31,34.1,74.15,85.6,99.38,21.55
30.7,26.88,26.4,88.31,64.13,87.59,31.3,74.26,25.41,42.96,25.5,11.48,90.89,22.69,50.13,24.12,27.42,63.32,46.05,44.78,102.25,170.66,48.86,21.12,70.38,80.06,245.67,999.23,15.49,13.52,30.76,32.56,9.24,14.82,17.49,10.9,8.05,13.73,13.96,138.09,65.29,29.42,12.45,25.99,34.25,74.84,86.03,97.66,21.36
31.07,26.88,26.18,87.16,62.39,87.59,30.58,72.98,25.41,42.38,25.36,11.37,89.3,22.41,49.88,24.48,27.07,63.57,47.29,45.75,102.97,172.66,48.57,20.85,71.63,80.06,241.06,1035.49,15.59,13.55,30.79,32.49,9.28,14.93,17.45,10.85,7.99,13.73,14.02,134.7,64.81,29.96,12.35,26.22,34.1,73.81,86.89,100.68,21.09
30.44,26.68,26.4,86.39,63.5,85.65,30.86,71.95,25.37,41.91,25.26,11.48,84.93,22.16,50.13,24.48,27.42,63.57,46.19,44.96,100.07,168.67,48.36,20.49,71.63,80.06,242.98,1007.28,15.55,13.4,30.61,32.39,9.16,15.04,17.31,10.77,7.81,13.44,13.99,135.54,64.41,29.85,12.3,26.08,34.18,74.84,85.52,97.66,21.16
29.56,26.3,26.11,86.01,64.06,87.2,31.2,71.87,25.29,41.91,25.06,11.44,82.95,22.26,50.88,24.41,27.1,63.08,46.53,45.14,100.8,166.68,49.15,20.35,71.04,79.27,240.29,1007.28,15.49,13.52,30.54,32.35,9.28,15.08,17.63,10.85,7.84,13.55,14.02,133,63.93,29.15,12.25,25.9,34.14,76.22,84.57,101.54,21.01
29.37,26,25.63,83.7,64.06,85.65,30.58,71.71,25.29,41.59,24.61,11.41,83.35,21.6,49.88,24.02,26.46,61.76,46.74,44.78,94.63,162.13,48.79,20.13,70.9,78.74,235.29,938.79,15.24,13.34,30.43,31.52,9.08,14.78,17.52,10.81,7.69,13.31,13.85,129.61,63.93,28.66,12.05,25.54,33.28,73.46,82.09,98.95,20.93
29.41,25.62,25.34,81.4,63.26,83.33,30.04,71.39,25.07,40.65,24.58,11.21,82.95,21.25,49.88,24.02,25.96,61.27,45.44,44.52,88.11,162.7,48.14,20.13,71.63,79.1,232.22,874.32,15.02,13.19,29.92,31.1,8.93,14.64,17.42,10.59,7.45,13.07,13.54,131.73,64.57,28.39,11.35,25.08,33.58,71.39,82.01,98.52,20.38
29.89,26.47,25.53,82.17,63.66,83.71,30.11,72.18,25.33,41.59,24.82,11.29,84.14,21.44,50.13,24.51,25.6,62.5,45.71,44.96,88.47,162.7,49.43,20.26,72.21,81.3,233.75,926.7,15.08,13.28,29.95,31.34,9.01,14.71,17.66,10.59,7.57,13.31,13.57,134.7,65.05,28.93,11.3,25.17,33.65,71.39,84.57,101.11,20.62
30.44,27.01,26.21,84.85,63.1,84.88,30.14,71.71,25.55,41.7,25.09,11.33,84.93,21.16,49.63,25.22,25.74,63.16,46.12,45.31,89.56,160.43,48.86,20.22,72.8,81.3,233.75,862.23,14.55,13.16,30.32,31.45,8.93,14.67,17.38,10.64,7.42,13.47,13.34,130.04,67.45,29.36,11.1,24.81,34.18,72.43,86.46,101.97,20.7
30.29,26.78,25.92,84.09,62.7,82.55,29.87,68.6,25.29,41.65,24.68,11.02,85.73,20.56,49.08,24.72,25.06,61.93,45.57,44.34,88.47,161.56,46.93,19.5,72.51,81.3,228.75,803.41,13.92,12.83,30.14,31.03,8.81,14.38,17.09,10.42,7.3,13.31,12.97,130.89,66.49,27.9,10.7,24.09,33.73,70.36,84.15,98.95,19.88
29.89,26.27,25.79,83.32,62.78,83.71,29.56,69.31,25.07,42.12,24.68,10.95,86.12,20.56,49.23,24.55,25.2,60.86,45.23,42.71,87.02,159,46.93,18.5,72.51,81.3,231.83,804.22,13.85,12.65,30.5,30.47,8.89,14.19,17.38,10.42,7.27,13.07,13.05,131.31,65.93,27.41,9.98,23.09,33.51,68.98,87.31,102.4,20.31
29.7,26.27,25.92,81.4,62.15,83.71,29.56,69.39,25.18,41.96,24.82,10.87,84.93,20.53,49.08,24.41,25.17,61.44,45.23,40.9,84.12,157.01,47.57,17.56,71.55,77.42,226.83,803.41,13.95,12.65,30.72,30.13,8.89,14.04,16.6,10.2,7.27,12.94,12.88,131.31,65.93,27.36,9.96,21.51,33.17,68.77,85.43,99.81,20.03
29.52,26.44,26.21,79.09,60.8,82.94,29.76,69.63,25.26,42.01,25.09,10.95,86.12,20.88,50.13,24.37,25.35,62.26,45.37,41.78,86.29,155.87,48.14,17.96,72.36,77.69,239.9,821.94,14.14,12.92,31.23,30.44,8.97,14.15,17.02,10.29,7.36,12.99,12.97,132.58,66.81,27.85,10,20.51,33.28,70.36,87.31,98.95,20.5
29.52,26.95,25.82,77.56,59.6,81.39,29.9,70.43,25.15,42.17,25.02,10.95,83.74,21.1,49.38,23.91,25.53,61.52,45.44,42.35,87.38,156.73,48.07,18.23,71.99,77.25,246.82,866.26,14.45,12.95,31.85,30.51,8.97,14.04,17.42,10.46,7.39,13.04,13.31,130.89,67.77,28.23,10.1,20.6,33.1,69.33,84.92,92.07,20.27
29.45,26.98,25.76,75.56,60.08,80.61,29.56,69.55,25.26,42.12,25.23,10.87,80.57,20.63,48.93,24.19,25.81,60.86,45.09,42.22,85.21,158.43,46.42,17.6,72.14,77.07,244.52,878.35,14.29,12.98,31.45,29.92,8.89,13.97,17.24,10.37,7.3,12.8,13.25,136.82,65.69,27.09,9.98,20.24,33.13,67.95,84.4,93.79,20.42
29.15,26.98,25.82,74.1,58.41,79.06,29.59,68.83,25.22,42.17,25.33,10.75,79.38,20.06,48.68,23.88,25.56,59.79,46.05,42.35,85.93,159.57,46.93,17.83,71.92,78.66,239.14,854.18,14.29,12.95,31.27,29.64,8.89,13.93,17.13,10.29,7.18,12.7,13.28,137.66,65.37,26.47,9.29,20.1,33.62,67.6,85.43,91.64,20.42
29.63,26.91,25.85,73.49,58.25,79.06,29.63,68.28,25.07,42.33,25.23,10.68,81.36,19.43,47.88,24.44,25.56,59.06,45.78,41.82,85.21,159,46.35,17.51,71.34,76.9,239.14,854.18,14.39,12.98,31.49,29.26,8.97,13.97,16.95,10.37,7.18,12.62,13.31,135.54,64.41,26.06,8.95,19.56,33.73,65.53,84.49,91.64,20.46
30.11,26.98,26.01,74.49,57.3,79.45,29.28,68.6,24.85,42.38,25.19,10.72,81.76,19.94,47.39,24.19,24.85,59.47,46.12,41.56,85.57,158.15,46.35,17.47,71.12,75.22,237.6,838.06,14.39,12.83,30.97,29.54,8.93,14.01,17.09,10.24,7.09,12.48,13.25,135.12,64.49,26.93,9.23,19.02,33.69,66.7,82.18,92.07,20.19
31.11,27.52,26.34,76.79,58.81,83.33,29.97,70.35,25.22,42.54,25.4,10.91,82.15,19.62,48.68,24.69,24.74,61.09,46.95,43.37,86.66,159.86,47.86,17.47,71.99,75.22,243.75,796.96,14.67,13.1,31.7,30.91,9.08,14.3,17.74,10.5,7.45,12.94,13.34,135.97,65.53,27.09,8.91,18.29,33.73,66.01,84.92,93.79,20.27
31.59,27.79,26.79,79.48,60.88,82.94,30.62,70.43,25.67,43.44,25.67,10.91,83.74,19.75,49.13,24.87,26.46,61.78,47.91,44.16,86.29,162.13,48.72,17.69,72.36,74.96,239.9,778.43,14.86,13.4,32.21,31.37,9.16,14.71,17.88,10.72,7.45,13.31,13.48,140.63,65.58,27.58,8.85,18.56,34.1,66.5,86.46,93.79,20.66
32.77,28.54,27.11,81.4,61.19,81.39,31.17,71.95,25.81,43.96,25.94,10.91,83.35,20.06,48.68,24.79,25.2,62.29,47.98,44.03,92.09,162.7,48.86,17.65,73.97,76.98,241.06,813.89,15.3,13.52,32.84,31.37,9.2,14.86,18.48,10.72,7.48,13.68,13.79,145.29,64.99,28.12,8.72,18.38,35.18,68.77,87.31,93.79,20.81
33.06,28.47,26.92,82.93,62.23,82.94,30.38,74.18,25.78,44.49,25.53,10.98,83.35,20.22,48.13,24.62,25.17,62.89,48.12,44.25,90.28,165.54,49.72,17.38,73.97,76.1,241.44,850.15,15.08,13.37,33.09,31.2,9.16,14.82,18.41,10.72,7.42,13.73,13.74,144.86,63.98,27.9,9.33,18.16,35.18,67.05,87.74,87.34,20.54
33.54,29.32,27.5,84.85,63.18,84.49,29.66,75.93,25.81,45.23,25.63,10.91,84.54,20.06,47.93,24.51,24.56,62.63,48.25,44.25,89.92,168.67,49.15,16.47,74.7,74.96,237.6,854.18,15.18,13.4,33.24,31.13,9.12,14.71,18.48,10.77,7.39,13.65,13.65,149.95,63.22,27.09,8.89,17.02,34.99,67.46,88.6,85.44,20.54
33.39,29.29,27.17,85.62,63.58,84.88,29.63,75.37,25.96,44.96,25.8,10.95,86.92,20.16,49.13,24.72,24.7,62.29,47.77,43.83,91.73,166.68,50.87,16.7,75.8,74.08,237.6,882.38,15.05,13.46,33.78,31.51,9.16,14.93,18.52,10.72,7.54,13.87,13.68,150.79,64.15,27.52,9.04,17.3,34.99,67.81,87.18,88.63,20.73
33.91,30.2,27.27,83.7,63.34,84.46,29.69,75.77,26,44.65,25.8,10.98,85.73,20.5,48.73,24.9,25.03,61.26,47.02,42.78,87.02,161.56,49.72,16.98,75.44,73.9,234.14,821.94,15.05,13.43,34.15,31.76,9.28,15.12,18.52,11.29,7.57,13.92,13.74,149.1,64.07,27.41,9.01,17.21,35.59,68.29,88.15,90.78,20.89
33.5,30.4,28.94,84.47,63.66,84.46,29.69,76.17,26,45.07,25.8,10.91,85.73,20.37,48.73,24.83,23.95,62.03,47.57,42.59,86.66,160.99,49.86,17.02,75.8,71.27,237.43,781.65,15.21,13.46,33.49,31.2,9.28,15,18.63,11.2,7.51,13.87,13.76,149.95,64.07,27.79,8.92,16.75,35.85,67.6,88.6,88.63,20.81
33.36,30.54,28.69,84.72,63.34,85.29,29.15,74.5,26,45.38,25.8,10.75,84.54,19.78,48.03,24.69,23.24,61.01,48.05,41.73,88.47,157.58,48.79,16.61,74.7,66.87,226.32,792.13,15.11,13.46,33.97,31.48,9.12,15.08,18.56,11.2,7.42,13.97,13.65,149.95,64.15,27.2,8.68,16.3,35.81,67.81,88.42,87.34,20.73
31.95,29.42,28.59,83.08,62.07,84.04,28.39,73.14,25.78,45.07,25.33,10.64,83.74,18.9,47.49,24.02,22.81,60.15,47.43,39.92,88.47,155.87,49.15,15.96,75.44,65.55,215.62,737.33,14.92,13.16,33.35,30.77,8.97,14.78,18.31,10.94,7.24,13.76,13.51,148.68,63.65,26.25,8.08,15.39,35.37,67.05,88.42,83.98,20.42
32.99,29.83,28.85,87.58,64.94,86.54,29.08,74.1,26,45.49,25.4,10.64,81.76,18.43,45.74,23.66,22.27,61.78,47.57,39.59,90.64,154.45,48.72,16.01,76.9,64.4,203.28,701.07,15.08,13.31,32.43,30.7,9.04,14.75,18.56,10.94,7.3,13.84,13.48,151.64,63.39,26.25,7.65,15.3,36.04,66.22,88.87,83.9,20.42
33.58,30.81,28.98,89.63,66.63,86.12,29.39,73.14,25.85,46.07,25.16,10.53,80.17,19,45.04,23.91,22.48,60.49,48.73,39.11,89.92,151.89,48.72,15.91,76.54,63.36,212.33,748.61,14.99,13.28,32.69,30.6,9,14.64,18.45,10.81,7.27,13.89,13.4,150.37,63.73,25.95,7.65,15.39,36,65.53,90.73,80.54,20.38
33.61,30.84,29.62,89.63,67.14,86.12,29.9,75.45,26.11,47.38,25.67,10.64,80.57,19.22,45.99,24.3,22.81,59.81,49.15,39.06,86.29,159.29,48.72,16.28,77.27,66.45,216.44,730.89,15.24,13.55,33.71,31.41,9.17,14.93,18.84,11.11,7.39,14,13.71,152.49,64.07,26.36,8.07,15.94,36.33,67.95,91.18,86.05,20.54
33.54,30.95,30.78,90.04,67.65,86.12,29.8,75.45,26.42,46.81,25.19,10.6,82.55,18.74,44.14,23.88,22.56,59.64,49.49,37.68,87.74,159,48.36,15.68,79.1,62.98,206.57,701.88,15.49,13.52,34.26,31.73,9.12,14.82,18.91,11.07,7.33,14.32,13.79,153.76,65.33,25.68,7.74,15.26,36.3,65.95,90.73,87.77,20.23
32.91,30.06,30.36,89.22,66.97,84.88,29.76,76.65,26.09,46.86,24.92,10.6,81.36,17.9,44.44,24.05,21.42,58.61,49.15,37.49,91.37,162.7,48.86,15.96,80.2,63.73,213.56,719.6,15.49,13.46,33.93,31.76,9.12,14.71,18.95,11.03,7.42,14.36,13.93,157.15,64.74,25.63,7.59,15.85,36.49,65.26,88.95,90.78,20.6
33.39,30.37,30.75,90.45,67.9,84.88,30.17,77.77,26.14,47.12,25.53,10.79,82.95,18.93,46.49,25.39,21.8,61.26,49.9,38.02,97.17,167.82,49.72,16.24,80.56,65.04,223.85,769.71,15.62,13.7,35.32,32.47,9.21,14.97,19.02,11.11,7.45,14.39,14.3,163.5,64.91,25.85,7.32,15.85,37.12,66.57,92.51,94.65,20.84
34.17,30.64,30.88,89.22,68.5,86.96,30.41,81.76,25.6,47.12,25.12,11.06,84.93,19.43,46.04,25.92,21.88,61.26,51.78,39.4,96.81,166.68,49,16.28,80.2,63.73,223.03,812.08,15.62,13.64,34.77,32.29,9.21,15.04,18.7,11.11,7.51,14.23,14.45,160.11,64.91,25.93,7.46,15.85,36.96,66.43,92.51,95.51,20.76
35.72,31.69,31.55,90.85,69,88.2,30.52,81.76,25.23,46.86,25.43,11.11,86.92,19.47,45.79,26,22.71,61.61,51.57,39.59,96.44,168.39,49.36,16.42,76.8,64.67,227.96,813.85,15.77,13.76,34.37,32.33,9.25,15.67,19.2,11.11,7.51,14.36,14.7,158.84,64.91,25.93,7.8,15.85,36.85,67.12,94.29,93.36,21
35.64,31.32,30.94,90.04,69.09,88.62,30.24,80.16,24.77,45.44,25.29,10.95,85.73,19.56,45.69,26.07,22.56,61.61,51.28,37.73,101.88,166.68,50.08,16.1,75.65,63.73,222.62,810.32,15.43,13.55,34,31.94,9.21,15.52,18.98,11.11,7.48,14.23,14.3,150.37,64.83,26.04,7.83,15.53,36.02,67.33,95.63,88.63,21
35.37,30.95,30.97,90.85,69.43,88.62,30.86,81.36,24.48,45.7,25.29,11.03,85.47,20.25,45.99,25.82,22.71,63.06,51.07,38.3,104.78,171.23,50.22,16.33,76.96,63.36,231.26,856.22,15.62,13.73,34.73,32.15,9.29,15.85,19.69,11.16,7.54,14.58,14.36,153.34,64.83,26.77,8.23,15.48,36.22,70.42,96.96,88.63,21.25
34.37,30.03,31.04,87.99,67.65,88.2,31.34,83.35,24.86,44.96,25.43,10.86,84.64,20.19,45.89,26.31,22.82,62.8,51.36,38.06,103.33,170.1,51.3,16.38,76.65,63.73,227.96,849.16,15.74,13.73,34.51,31.97,9.37,15.74,20.09,11.11,7.54,14.77,14.45,160.11,64.83,27.09,8.03,15.62,36.22,70.5,97.4,86.05,21.21
34.99,30,31.07,89.63,67.65,87.79,31.99,84.95,24.69,46.02,25.43,10.82,85.89,20.09,45.04,26.49,22.41,62.46,53.77,38.16,101.16,176.64,51.58,15.41,77.11,64.01,218.91,795.31,16.08,13.7,34.88,31.57,9.25,15.89,20.09,10.94,7.54,14.47,14.53,160.11,65.42,26.5,7.91,15.03,37.75,70.5,95.63,86.39,21
35.11,30.17,30.46,88.81,67.4,86.96,31.64,82.15,24.86,45.54,25.6,10.74,85.06,19.69,45.66,26.42,21.8,61.61,52.49,38.06,96.44,168.62,50.87,14.53,77.11,63.36,212.74,757.36,15.83,13.64,34.29,31.1,9.17,15.23,19.77,10.81,7.51,14.23,14.77,156.3,66.85,26.23,7.83,13.99,37.4,65.59,96.52,86.22,21.05
35.41,30.17,30.91,82.67,62.75,80.88,32.84,80.16,25.1,45.96,25.8,10.86,88.39,20.37,47.16,26.77,22.14,62.12,53.98,38.21,102.97,180.25,52.37,14.71,77.11,63.36,209.86,759.12,16.53,14.12,35.61,31.53,9.37,15.49,20.44,11.07,7.69,14.56,15.57,158.84,70.14,27.01,7.86,13.99,37.28,63.22,89.84,87.37,21.09
36.18,30.3,30.49,76.94,59.19,75.22,31.64,80.96,24.9,46.7,25.43,10.61,87.14,19.69,46.16,26.91,21.58,61.09,54.69,38.11,102.25,191.88,50.79,14.16,76.96,62.23,212.74,792.66,16.35,14,34.99,31.1,9.25,15.45,20.09,10.98,7.54,14.39,15.42,157.99,69.04,26.87,7.55,13.31,37.32,59.74,83.62,87.19,20.8
35.22,29.9,29.81,77.02,59.62,73.73,31.71,79.76,24.69,46.12,25.16,10.49,86.72,19,44.72,26.38,20.93,59.98,54.76,35.97,99.35,185.7,49.73,14.81,76.88,57.92,206.98,768.83,16.11,13.76,34.4,30.38,9.12,15,19.73,10.77,7.45,13.95,15.3,152.49,68.45,26.33,7.64,14.22,37.08,62.98,83.53,84.61,20.51
34.53,29.49,28.91,74.81,60.04,72.06,31.13,76.97,24.69,43.9,24.95,10.28,84.22,18.31,43.55,25.48,20.9,59.89,52.85,35.54,95.72,178.8,48.9,14.07,77.11,55.77,195.46,752.06,16.42,13.91,34.4,30.24,9.17,14.89,20.09,10.77,7.42,13.82,15.45,151.97,68.53,26.31,7.34,13.63,37.67,61.16,83.79,86.31,20.47
33.18,27.45,27.46,73.26,58.35,68.73,29.28,71.63,24.11,40.86,23.22,9.58,79.72,17.33,40.56,23.8,19.46,56.99,49.3,33.06,89.19,169.71,46.11,13.1,75.65,51.92,184.35,704.39,15.76,13.1,32.25,28.15,8.54,13.86,18.95,10.03,7.03,13.08,14.71,150.22,66.43,24.47,6.83,12.68,35.71,56.89,78.72,81.86,19.33
32.33,25.56,27.72,69,56.91,65.9,28.98,71.23,23.91,40.74,21.61,9.04,74.21,17.33,39.5,22.16,18.41,55.79,48.23,31.92,83.03,170.08,44.9,12.22,73.03,48.36,190.11,702.63,15.07,12.59,30.79,26.21,7.95,13.23,18.31,9.33,6.6,12.91,14.46,146.74,62.97,22.76,6.36,11.82,34.34,53.64,75.43,81.06,18.14
33.22,26.07,28.72,68.43,55.13,64.07,29.22,72.34,23.41,41.83,20.79,8.67,75.05,17.33,39.39,20.83,18.86,54.16,49.37,31.3,80.13,172.98,45.36,11.49,73.03,48.36,203.28,693.8,14.93,12.59,31.34,25.05,7.61,12.97,18.06,8.86,6.7,12.56,14.65,149.79,62.38,21.36,5.92,11,34.02,53.72,74.72,78.12,18.1
35.07,27.86,30.44,70.56,54.97,63.66,31.03,73.38,23.91,42.68,21.23,9.2,71.8,18.37,40.89,21.97,19.61,56.3,49.87,31.92,85.68,168.62,44.83,12.27,73.87,48.74,210.68,723.81,15.31,13.22,33.02,26.78,8.05,13.53,19.02,9.46,6.86,13.3,14.99,152.84,62.89,22.49,6.14,11.77,34.73,54.83,71.61,81.77,18.31
34.07,27.86,30.13,70.23,55.81,64.41,30.11,73.38,24.03,41.25,21.23,8.96,72.63,19.03,40.89,22.96,20.18,56.81,50.29,30.82,82.6,167.53,42.79,12.5,73.87,49.21,217.27,728.23,15.35,13.21,31.96,28.37,7.92,13.3,18.66,9.29,6.76,13.02,14.86,151.97,63.22,22.17,6.18,12,34.92,54.59,71.43,81.95,18.39
32.83,27.32,29.63,69.33,54.71,63.24,29.46,73.38,24.2,41.9,20.86,9.04,68.63,18.58,40.45,22.09,19.54,55.7,51,30.97,82.22,161.35,42.49,12.55,73.95,50.33,211.51,706.16,15.14,12.92,31.52,27.9,7.92,13.19,18.2,9.25,6.73,12.7,14.52,148.48,64.66,22.12,6.11,11.86,35.24,54.59,69.83,84.53,18.23
33.84,27.93,31.18,70.15,55.73,65.57,29.93,74.36,24.4,43.26,21.61,9.29,70.3,19.47,41.45,22.81,19.84,57.16,52.07,32.87,87.6,170.8,42.94,12.78,75.96,48.55,219.32,729.99,15.38,13.05,32.36,27.97,8.13,13.53,18.59,9.29,6.92,12.91,14.8,152.4,65.67,22.85,6.2,12.09,35.94,55.39,71.61,85.42,18.63
34.84,28.61,31.75,69.98,55.39,65.82,30.04,75.1,24.44,43.39,21.98,9.29,68.21,19.61,41.17,22.62,19.5,56.47,53.06,32.06,86.06,172.26,42.64,12.64,75.57,49.39,216.03,729.99,15.28,13.08,32.4,27.93,8.06,13.6,18.38,9.29,6.86,12.89,14.68,151.97,64.99,23.66,6.14,11.73,35.87,55.31,70.72,85.86,18.63
34.37,28.64,31.75,70.23,55.98,67.07,28.77,74.36,24.44,43,22.31,9.2,66.63,18.86,41.11,21.71,18.86,56.3,52.07,31.2,82.99,176.62,40.83,12.27,75.57,50.24,210.68,707.04,15.24,13.01,33.12,27.79,8.05,13.6,18.48,9.25,6.89,12.8,14.65,152.4,64.66,22.17,6.18,11.41,35.47,55.54,71.79,86.75,18.35
34.76,28.44,30.9,70.39,55.3,66.24,27.98,73.14,24.44,42.74,21.49,9.08,62.96,18.22,39.84,21.1,18.71,55.1,52.56,29.44,83.37,175.53,40.83,12.45,75.65,50.61,209.04,682.33,15.28,13.01,33,26.64,7.9,13.53,18.41,8.99,6.89,12.7,14.4,150.22,64.15,21.3,5.92,11.41,35.47,52.3,69.83,86.75,18.35
32.33,27.29,29.49,68.26,54.97,65.07,27.23,70.85,23.99,41.12,21.23,8.87,58.96,17.15,37.73,19.95,17.77,54.67,49.72,28.49,77.99,164.26,41.43,11.62,75.57,47.89,207.39,634.66,14.76,12.66,31.94,25.45,7.6,13.01,17.56,8.59,6.67,12.31,13.91,148.05,64.57,19.82,5.51,10.64,35.2,48.98,70.1,84.53,18.23
30.1,26.13,28.57,69.33,55.56,65.57,26.82,72.24,24.2,40.15,21.08,8.87,58.79,17.15,37.17,20.22,17.69,55.62,47.67,29.82,72.54,170.8,40.37,11.3,76.42,50.24,221.38,624.95,14.69,12.72,31.83,25.99,7.67,13.16,17.77,8.66,6.6,12.26,13.81,148.05,66.17,18.44,5.29,10.05,35.08,49.06,71.16,79.19,18.14
30.95,27.15,30.2,71.95,56.4,67.98,27.92,72.73,24.53,41.19,21.57,9.2,62.87,17.79,36.62,21.63,18.48,57.16,50.08,30.97,71.46,175.53,43.02,11.53,78.27,49.67,223.85,661.14,15.21,13.08,32.88,26.71,7.93,13.56,18.93,8.94,6.89,12.61,14.34,155.45,67.19,19.2,5.66,10.46,34.96,52.46,75.34,83.37,18.35
29.52,26.06,29.28,72.44,56.15,66.82,27.3,75.83,24.36,40.93,22.2,9.08,63.54,17.4,35.95,20.68,18.37,57.76,50.72,30.06,73,176.25,42.79,11.39,78.27,50.8,230.43,653.2,14.86,12.88,32.61,26.39,7.73,13.64,19.19,8.81,6.82,12.5,14.06,156.32,66.34,19.25,5.96,10.14,35.28,51.67,72.5,84.53,17.94
28.06,26.5,28.54,72.68,56.49,67.23,26.94,71.5,24.36,41.25,22.13,9.04,63.79,17.58,34.29,20.26,18.52,57.33,50.36,27.96,67.93,180.25,43.02,11.07,78.27,54.27,231.26,662.02,14.69,12.72,32.1,25.7,7.69,13.56,18.89,8.68,6.67,12.34,13.75,159.37,66.34,19.47,6.15,10.05,36.61,51.98,72.59,80.7,18.06
27.14,25.63,28.96,73.75,57.08,68.23,26.27,70.68,24.15,40.99,22.54,8.96,66.79,17.86,35.62,20.6,18.78,58.1,50.93,27.49,68.93,177.34,42.41,11.3,77.88,50.99,240.72,677.03,14.65,12.76,31.83,25.92,7.72,13.4,18.85,8.73,6.95,12.5,13.54,158.93,66.26,19.69,6,10.32,36.34,53.33,73.12,83.72,18.14
28.75,27.3,30.06,73.75,57.5,70.81,27.57,72.24,24.53,42.8,23.21,9.12,69.21,18.72,35.62,21.55,19.24,59.38,51.28,29.39,69.62,183.16,42.34,11.86,77.88,54.55,237.84,677.91,14.9,12.95,31.83,26.21,7.84,13.73,19.11,8.81,7.01,12.83,13.72,163.29,66.26,20.72,6.42,10.87,36.34,54.36,75.43,84.44,18.23
29.22,27.59,29.99,73.17,56.99,73.23,27.49,73.22,24.53,43.45,22.8,9.2,69.21,18.79,38.06,22.7,19.84,59.04,51.92,31.25,74.46,180.98,43.47,11.95,77.11,54.64,238.66,672.62,14.83,12.85,32.02,26.39,7.89,13.69,19.15,8.77,6.89,13,13.78,162.85,66.26,21.81,6.6,10.69,35.87,56.18,75.17,83.72,18.23
29.83,27.77,30.16,73.75,58.43,73.31,28.2,73.71,26.01,43.52,23.47,9.37,70.88,18.58,40.67,23.69,19.95,59.38,52.14,33.35,79.15,178.07,44.3,12.73,77.04,58.11,239.9,667.32,14.9,13.01,32.37,26.64,7.93,13.73,19.34,8.9,7.05,12.97,13.78,161.11,66.26,22.53,6.68,11.41,36.42,55.15,75.26,85.06,18.27
30.79,28.31,30.48,74.08,59.28,73.39,27.6,73.54,25.39,44.36,23.47,9.74,71.71,18.47,41.11,22.24,20.14,58.7,51.99,32.2,78.76,182.43,43.7,12.92,77.11,56.89,238.66,676.15,15.17,13.08,32.84,27.68,8.36,13.97,19.45,9.03,7.11,13,14.09,167.21,65.33,22.37,6.22,11.95,36.49,52.46,75.17,85.33,18.43
30.14,28.13,30.06,75.22,58.69,73.98,27.49,73.79,25.19,44.55,23.1,9.62,71.71,19.26,42.17,22.43,20.22,57.76,51.85,33.06,78.38,181.34,43.62,13.05,76.73,58.3,241.54,654.08,15.31,13.05,32.96,27.61,8.63,13.85,19.49,8.94,7.08,13.02,14.09,167.21,64.91,22.43,6.16,12.32,36.1,53.57,74.9,84.53,18.27
29.99,27.66,29,72.11,58.01,71.31,26.97,71.66,24.77,44.49,21.98,9.16,69.21,19.26,40.5,21.33,19.92,56.99,51.21,31.49,77.61,177.34,41.36,12.18,76.19,56.14,234.55,624.07,14.76,12.59,31.75,26.35,8.21,13.36,18.77,8.66,6.86,12.75,13.54,164.16,65.33,21.25,5.92,11.46,35.79,51.43,70.36,84.97,17.86
27.91,25.77,28.72,69.57,56.74,69.23,26.08,70.28,24.36,43.13,21.49,9.04,66.21,18.51,40,20.95,19.61,56.56,51.71,31.3,77.22,171.17,40.9,11.58,75.72,52.39,225.5,624.95,13.89,12.14,30.53,25.99,7.85,13,17.57,8.07,6.47,11.98,12.86,156.76,65.16,20.59,6.02,11.23,35.32,49.93,71.07,83.81,17.2
27.14,25.41,28.86,69.9,57.08,70.73,26.12,70.93,24.86,43.97,22.05,9.45,66.71,19.43,40.56,21.48,20.67,58.7,52.49,31.39,81.07,176.98,41.81,11.76,77.5,53.33,232.49,668.2,14.03,12.3,30.61,26.49,8.08,13.28,17.57,8.29,6.63,11.85,12.89,158.93,66.43,21.81,6.26,11.46,37.28,51.51,73.12,88.89,17.74
28.22,25.99,29.24,69.25,56.4,70.65,25.97,70.85,24.98,44.94,22.5,9.41,66.54,19.01,39.45,21.82,20.6,58.78,51.78,33.59,79.91,179.16,42.71,11.81,76.8,52.02,233.31,691.15,13.89,12.34,30.73,26.39,8.05,13.24,17.87,8.29,6.51,12.12,12.92,157.63,66.6,22.4,6.01,11.46,36.96,51.59,72.76,92.09,17.74
28.87,26.1,29.63,69.16,56.83,70.56,26.53,70.36,24.98,45.26,23.28,9.37,65.88,19.26,40.34,22.09,20.41,59.3,51.71,35.35,84.52,180.25,43.02,11.9,77.11,52.58,232.49,714.99,13.96,12.37,30.73,26.64,8.05,13.16,18.02,8.33,6.51,12.2,12.86,158.93,66.43,22.47,6.43,11.55,37.12,52.14,74.28,92.09,17.98
26.87,25.04,28.68,66.63,54.12,68.73,25.53,69.62,24.36,45.39,22.16,9.04,63.79,19.18,38.45,21.55,20.14,58.53,50.72,34.01,79.15,172.98,42.56,11.39,76.8,49.58,233.31,679.68,13.16,11.85,28.61,25.63,7.63,12.64,16.89,7.84,6.34,11.35,12.3,158.06,65.84,21.56,6.86,11.05,35.71,51.11,72.68,88.97,17.33
25.64,23.99,28.15,66.3,54.12,67.82,24.64,69.13,24.44,44.94,21.87,8.91,60.87,18.86,37.34,21.33,19.73,57.5,49.23,32.35,75.53,172.62,42.11,11.07,76.96,48.27,230.02,670.85,12.5,11.46,27.67,25.02,7.29,11.95,15.95,7.69,6.18,10.77,11.74,155.88,66.09,21.16,6.82,10.82,36.26,50.72,71.43,88.97,17.16
25.94,24.68,28.05,66.87,55.39,68.82,25.23,70.52,24.69,45.52,22.76,9.12,61.29,19.65,38.78,22.2,20.63,59.12,49.87,33.16,79.15,179.16,43.02,11.62,77.5,51.17,244.01,673.5,12.6,11.66,27.87,25.56,7.72,12.19,16.32,7.9,6.32,10.71,11.99,155.88,66.34,22.09,7.15,11.41,37.16,52.85,73.12,90.75,18.23
27.14,25.52,28.5,67.94,56.66,69.4,25.82,71.83,25.02,45.65,23.32,9.5,65.54,21.01,39.39,22.66,22.07,60.84,51.07,34.06,79.53,182.79,43.02,11.81,77.5,52.67,255.95,695.57,13.44,12.04,29.24,26.06,7.78,12.68,17.3,8.24,6.54,11.09,12.48,152.4,66.17,22.65,7.07,11.32,37.16,56.49,75.61,93.87,18.59
26.91,25.26,28.82,68.1,57.08,69.23,25.79,70.77,24.86,45.26,22.91,9.29,64.63,20.65,39.62,22.32,21.58,60.92,51.99,32.39,77.22,184.61,42.79,11.62,77.11,52.67,254.71,660.26,12.88,11.75,27.63,25.67,7.7,12.43,16.66,7.98,6.44,10.82,12.18,148.92,66.17,22.03,7.1,11.27,36.06,55.07,74.9,91.64,18.27
26.33,24.54,28.89,67.94,57.67,69.07,25.3,70.28,24.77,44.61,22.69,9.37,65.88,20.29,40.23,22.96,21.58,60.32,52.21,32.2,78.76,183.16,43.02,11.9,76.96,55.48,268.7,672.62,12.78,11.69,27.71,25.63,7.72,12.6,16.4,7.92,6.44,10.74,11.9,146.3,65.75,22.47,7.58,11.64,35.98,55.39,74.81,85.42,18.31
26.41,24.57,28.89,67.53,57.84,68.57,24.78,69.95,24.77,44.36,22.8,9.45,66.63,20.36,40.39,23.38,21.73,61.61,52.49,31.97,78.38,183.16,41.88,12.55,76.34,56.8,278.99,662.02,12.88,11.85,28.18,25.52,7.75,12.56,16.74,8.05,6.47,10.77,11.93,144.56,64.74,22.28,7.5,12.04,35.98,55.39,75.34,83.1,18.27
24.83,23.23,28.12,65.32,56.66,65.74,23.23,69.46,24.4,41.83,21.72,9.12,65.21,20.22,39.34,22.7,21.35,59.04,50.36,32.59,76.07,176.25,39.02,11.99,75.96,56.23,286.4,626.72,12.43,11.43,27.04,25.02,7.52,12.31,15.91,7.8,6.35,10.24,11.68,143.69,64.07,21.06,7,11.5,35.55,53.33,71.87,80.7,17.57
23.37,21.78,26.46,63.27,54.8,62.41,21.89,65.86,24.2,40.41,21.05,8.91,64.29,19.4,38.28,23,20.33,57.76,46.89,33.2,71.85,167.89,36.3,11.76,75.34,52.77,266.64,599.35,11.81,10.98,25.16,24.44,7.28,11.83,15.16,7.66,6.21,9.74,11.31,134.55,62.38,20.34,6.66,11.32,35.24,51.27,71.16,75.09,17
22.52,20.51,26.46,63.19,55.39,62.08,21.22,61.29,24.2,38.15,20.64,9,63.37,18.54,38.06,22.47,20.37,57.5,43.62,32.16,69.39,163.53,37.73,11.12,75.96,49.21,251.83,563.16,11.53,10.85,23.56,24.62,7.13,11.55,14.33,7.67,6.16,9.53,11.31,130.63,63.14,19.53,6.6,11.05,36.81,49.69,72.05,69.84,16.47
24.06,21.89,28.15,66.22,56.74,64.32,21.59,59.57,24.48,40.8,21.23,9.54,63.96,19.51,37.78,22.96,21.73,59.81,46.67,34.4,72.23,170.8,40.37,11.39,76.96,50.99,269.11,570.22,12.08,11.53,24.38,25.27,7.59,12.11,14.82,7.94,6.35,9.89,11.93,139.77,63.14,20.41,6.72,11.36,36.81,50.88,76.68,66.46,17.04
24.64,22.03,27.69,65.48,56.15,64.57,22,59.82,24.57,41.83,21.16,9.58,61.87,19.29,38.28,21.94,21.65,60.15,47.53,34.78,72.69,170.8,42.26,11.39,77.5,50.99,274.05,609.95,12.05,11.63,24.89,25.34,7.54,12.27,15.16,7.86,6.32,10,11.9,149.35,63.14,20.19,6.79,11.23,36.85,51.03,75.7,71.09,17.65
25.17,22.61,28.01,65.48,55.64,65.65,22.82,61.29,24.4,42.68,20.75,9.5,59.71,19.22,38.84,21.33,22.25,60.15,47.1,35.63,73.54,170.8,42.49,11.49,77.88,51.83,270.35,599.35,12.15,11.69,25.08,25.27,7.61,12.35,15.76,7.88,6.35,10.24,12.08,148.05,63.14,20.41,6.93,11.23,36.22,51.98,75.17,73.85,17.65
25.33,23.19,28.15,66.87,56.06,66.24,23.37,61.37,24.69,41.45,20.94,9.45,60.46,18.93,38.39,21.55,23.01,59.89,47.31,35.92,76.07,167.89,44.9,11.49,78.27,50.7,277.76,604.65,12.22,11.92,25.16,25.34,7.74,12.52,16.1,7.91,6.28,10.68,12.24,151.09,63.14,21.81,6.64,11.23,35.71,52.22,74.63,74.12,18.06
