1101   ,1102   ,1216   ,1301   ,1303   ,1326   ,1402   ,2002   ,2105   ,2301   ,2303   ,2308   ,2317   ,2324   ,2330   ,2354   ,2357   ,2382   ,2395   ,2408   ,2409   ,2412   ,2454   ,2474   ,2633   ,2801   ,2823   ,2880   ,2881   ,2882   ,2883   ,2884   ,2885   ,2886   ,2887   ,2890   ,2891   ,2892   ,2912   ,3008   ,3045   ,3481   ,4904   ,4938   ,5871   ,5880   ,6505   ,9904   ,
   32.12,   27.45,   62.51,   93.11,   72.51,   97.80,   25.83,   23.82,   49.68,   37.63,   13.68,  134.56,  112.55,   19.82,  224.32,   81.18,  262.73,   58.11,  207.65,   74.86,   10.97,  102.88,  281.27,  319.02,   22.94,   15.53,   27.61,   15.68,   48.80,   51.76,    9.57,   17.32,   13.23,   22.87,   12.92,    9.09,   19.42,   18.53,  266.14, 4185.75,  102.58,   11.60,   70.12,   67.93,   82.83,   15.52,  109.11,   36.05,
   32.82,   27.65,   62.79,   93.49,   73.64,   97.80,   25.64,   24.02,   49.97,   37.07,   13.82,  132.65,  111.37,   19.68,  228.67,   81.27,  261.78,   58.77,  209.10,   77.07,   11.06,  103.35,  289.96,  322.40,   22.99,   15.58,   27.84,   15.73,   49.27,   52.72,    9.57,   17.73,   13.38,   23.16,   13.02,    9.14,   19.61,   18.53,  263.36, 4077.54,  103.05,   11.60,   71.07,   68.40,   83.11,   15.62,  111.48,   36.05,
   32.69,   27.84,   62.79,   93.49,   73.45,   98.74,   25.40,   23.92,   49.58,   36.84,   13.77,  132.65,  109.71,   19.64,  231.08,   81.27,  256.11,   59.05,  206.20,   78.22,   11.10,  103.35,  296.23,  323.85,   22.99,   15.63,   27.88,   15.78,   49.66,   52.91,    9.57,   17.68,   13.28,   23.25,   12.97,    9.12,   19.61,   18.58,  264.29, 4067.71,  103.05,   11.65,   71.45,   67.74,   85.10,   15.66,  112.90,   35.81,
   32.78,   28.57,   62.60,   93.39,   73.45,   98.27,   25.69,   24.06,   49.48,   36.98,   13.96,  134.08,  110.18,   19.82,  231.56,   81.46,  257.05,   58.02,  208.62,   80.14,   11.10,  103.83,  289.47,  323.85,   22.94,   15.77,   27.88,   15.96,   49.94,   53.20,    9.67,   17.73,   13.38,   23.53,   13.11,    9.18,   19.85,   18.68,  261.97, 4033.28,  103.05,   11.60,   71.83,   67.84,   88.50,   15.76,  113.85,   35.95,
   33.57,   29.50,   63.16,   94.44,   74.87,   99.69,   25.54,   24.35,   49.58,   36.98,   14.11,  134.08,  108.76,   19.97,  233.49,   81.46,  258.95,   58.77,  218.28,   80.14,   11.19,  103.83,  287.54,  316.12,   22.89,   15.96,   27.93,   16.10,   50.23,   53.20,    9.81,   17.96,   13.47,   23.77,   13.29,    9.37,   20.42,   18.82,  265.68, 3866.04,  104.48,   11.65,   72.60,   67.84,   88.41,   16.13,  115.75,   36.14,
   33.65,   29.60,   62.88,   97.28,   76.94,  103.94,   25.78,   24.35,   49.20,   36.51,   14.16,  133.61,  108.76,   19.64,  233.49,   81.65,  248.08,   57.74,  217.31,   79.28,   10.97,  104.31,  293.33,  318.53,   22.99,   15.96,   27.84,   16.10,   50.23,   53.29,    9.86,   17.96,   13.38,   23.63,   13.39,    9.34,   20.33,   18.82,  265.21, 3684.05,  105.43,   11.51,   72.79,   68.02,   89.07,   16.17,  114.33,   36.14,
   33.79,   29.69,   62.88,   95.86,   77.88,  102.05,   26.03,   24.40,   49.48,   36.98,   13.63,  132.18,  107.57,   19.50,  228.18,   80.32,  249.49,   58.11,  217.79,   75.15,   11.01,  103.83,  298.64,  308.38,   23.09,   16.00,   28.07,   16.10,   50.71,   53.10,   10.09,   17.96,   13.38,   23.96,   13.43,    9.34,   20.61,   18.82,  261.97, 3713.57,  104.48,   11.56,   72.79,   68.31,   87.74,   16.17,  113.85,   36.24,
   32.95,   28.62,   63.16,   95.86,   77.22,  102.99,   25.78,   24.40,   49.29,   35.96,   13.44,  130.27,  108.28,   19.07,  226.74,   80.79,  250.91,   58.30,  217.79,   77.07,   11.01,  103.83,  295.26,  313.70,   22.99,   16.00,   28.02,   16.06,   50.71,   52.91,    9.90,   17.91,   13.43,   24.01,   13.43,    9.22,   20.61,   18.82,  262.90, 3669.30,  105.43,   11.56,   71.93,   68.31,   90.30,   16.04,  113.38,   36.10,
   33.04,   29.21,   63.35,   96.33,   76.37,  102.52,   25.93,   24.45,   49.58,   37.16,   13.63,  130.27,  108.76,   19.35,  228.67,   81.75,  251.38,   58.40,  217.79,   78.12,   11.19,  103.83,  298.64,  321.43,   23.04,   16.00,   28.11,   16.10,   50.90,   53.10,    9.95,   17.87,   13.57,   23.96,   13.43,    9.33,   20.66,   18.82,  263.36, 4033.28,  105.43,   12.11,   71.93,   70.76,   89.82,   16.13,  113.85,   36.05,
   33.26,   29.60,   63.90,   96.81,   77.22,  102.99,   26.31,   24.21,   49.58,   37.25,   13.72,  130.74,  110.54,   19.21,  231.56,   82.32,  253.27,   58.96,  225.52,   80.04,   11.32,  104.31,  302.02,  322.40,   23.09,   16.14,   28.25,   16.15,   51.76,   53.96,   10.14,   17.87,   13.66,   24.53,   13.43,    9.37,   21.04,   18.96,  264.75, 3964.42,  106.37,   12.25,   71.64,   70.76,   90.39,   16.17,  113.85,   36.00,
   33.48,   29.65,   63.53,   96.81,   76.75,  102.52,   26.03,   24.31,   49.77,   37.39,   13.72,  133.61,  110.65,   19.35,  232.04,   82.61,  256.11,   59.52,  226.97,   81.58,   11.59,  104.31,  301.05,  326.75,   23.09,   16.24,   28.44,   16.20,   52.43,   54.06,   10.19,   17.82,   13.62,   24.43,   13.48,    9.46,   20.89,   18.96,  263.83, 3934.90,  105.43,   12.81,   71.45,   71.13,   88.69,   16.17,  113.85,   36.47,
   33.83,   30.08,   62.88,   96.81,   76.75,  102.05,   25.93,   24.26,   50.54,   37.39,   13.72,  132.65,  110.65,   19.54,  233.49,   83.08,  260.84,   59.80,  226.97,   77.74,   11.68,  104.31,  295.75,  320.47,   23.28,   16.28,   28.48,   16.29,   51.86,   53.77,   10.23,   17.87,   13.71,   24.43,   13.52,    9.51,   20.89,   19.01,  266.60, 3915.23,  105.43,   13.09,   71.55,   72.64,   91.43,   16.17,  113.85,   36.80,
   33.26,   29.94,   63.44,   96.33,   76.47,  102.99,   26.03,   24.26,   50.35,   38.37,   13.72,  136.47,  111.13,   19.54,  239.76,   82.80,  264.14,   60.65,  230.35,   78.70,   11.59,  102.88,  308.29,  320.95,   23.23,   16.14,   28.67,   16.29,   51.47,   53.39,   10.33,   17.91,   13.66,   24.38,   13.62,    9.51,   20.80,   19.01,  269.38, 3920.15,  104.00,   13.00,   71.45,   72.26,   91.53,   16.22,  114.33,   36.71,
   33.30,   29.69,   64.37,   95.39,   76.37,  101.57,   25.93,   24.21,   50.16,   38.23,   13.63,  137.90,  114.80,   19.68,  246.52,   83.47,  265.09,   61.03,  228.90,   77.36,   11.72,  104.31,  307.81,  324.33,   23.14,   16.24,   28.80,   16.24,   51.57,   53.48,   10.33,   17.96,   13.71,   24.15,   13.66,    9.56,   20.61,   19.01,  266.14, 3934.90,  104.00,   13.23,   71.45,   72.83,   90.39,   16.22,  114.80,   36.47,
   33.26,   29.45,   65.02,   96.33,   76.09,  102.99,   25.74,   24.16,   49.87,   38.18,   13.44,  142.20,  114.45,   19.54,  252.30,   82.99,  267.45,   61.03,  228.90,   77.26,   12.03,  103.83,  307.81,  324.82,   23.09,   16.10,   28.53,   16.20,   51.76,   53.10,   10.28,   17.96,   13.66,   24.10,   13.66,    9.56,   20.75,   18.96,  265.68, 3934.90,  104.00,   13.61,   71.64,   72.92,   89.92,   16.17,  114.33,   36.76,
   32.78,   29.40,   64.28,   94.91,   76.18,  102.99,   25.93,   24.11,   49.68,   38.55,   14.01,  140.76,  114.80,   19.59,  256.65,   82.32,  266.03,   60.27,  228.90,   76.97,   11.72,  104.31,  306.84,  321.43,   23.14,   16.14,   28.48,   16.20,   51.67,   53.48,   10.14,   17.91,   13.76,   24.01,   13.62,    9.46,   20.23,   18.96,  267.07, 3900.47,  104.00,   13.23,   71.74,   73.49,   90.20,   16.17,  116.23,   36.80,
   32.78,   29.21,   63.63,   94.15,   75.62,  101.57,   25.59,   24.11,   49.58,   38.83,   13.82,  141.24,  113.62,   19.64,  248.93,   82.61,  265.09,   60.27,  226.97,   77.26,   12.26,  103.83,  296.71,  319.98,   23.14,   16.05,   28.21,   16.06,   50.52,   53.20,   10.19,   17.82,   13.57,   23.91,   13.57,    9.42,   19.99,   18.96,  265.68, 3728.32,  104.48,   13.42,   71.45,   73.11,   91.90,   16.08,  115.28,   37.23,
   33.04,   29.40,   63.90,   96.33,   77.03,  102.99,   25.45,   24.21,   49.87,   39.94,   13.92,  140.76,  113.02,   20.48,  248.93,   82.80,  265.56,   60.93,  227.45,   75.34,   12.48,  103.83,  294.78,  313.70,   23.14,   16.24,   28.11,   16.20,   51.09,   53.10,   10.23,   17.87,   13.62,   24.20,   13.66,    9.46,   20.23,   19.05,  269.38, 3728.32,  104.48,   13.28,   72.12,   74.43,   95.02,   16.22,  116.70,   37.42,
   33.57,   29.50,   62.79,   98.23,   76.84,  104.88,   25.59,   24.21,   49.48,   39.76,   14.01,  140.76,  113.02,   20.11,  246.03,   81.75,  265.56,   60.46,  227.94,   76.21,   12.70,  103.83,  297.19,  315.63,   23.19,   16.14,   27.93,   16.15,   50.90,   52.24,   10.19,   17.82,   13.62,   24.20,   13.62,    9.46,   20.09,   19.01,  267.07, 3816.86,  104.95,   13.51,   72.41,   73.87,   93.79,   16.17,  117.65,   37.37,
   33.35,   29.35,   64.37,   99.18,   77.22,  108.19,   25.50,   24.26,   49.58,   39.85,   13.96,  139.81,  112.19,   20.39,  249.41,   80.70,  266.51,   60.56,  223.11,   75.63,   12.65,  104.79,  297.19,  319.98,   23.14,   16.24,   28.07,   16.20,   51.67,   52.72,   10.19,   17.87,   13.62,   24.29,   13.62,    9.46,   20.14,   19.15,  269.84, 3969.33,  105.90,   13.37,   72.12,   73.96,   92.28,   16.13,  120.02,   37.18,
   33.30,   28.96,   64.56,   97.76,   76.28,  103.46,   25.16,   24.02,   49.10,   39.39,   13.87,  139.33,  110.89,   20.06,  244.10,   79.74,  266.51,   59.80,  220.21,   75.25,   12.26,  103.35,  288.51,  312.73,   22.94,   16.00,   27.79,   16.10,   50.80,   51.95,   10.14,   17.68,   13.47,   24.01,   13.48,    9.36,   20.04,   19.01,  264.75, 3989.01,  105.43,   12.91,   72.41,   75.28,   92.47,   15.99,  117.65,   36.66,
   33.08,   29.26,   65.11,   98.23,   75.43,  102.99,   25.11,   24.02,   48.81,   39.66,   13.68,  140.29,  109.23,   20.39,  246.03,   79.65,  265.56,   59.62,  220.21,   76.21,   12.34,  103.83,  288.51,  322.88,   23.14,   16.05,   27.61,   16.20,   51.86,   52.14,   10.14,   17.59,   13.43,   23.91,   13.57,    9.42,   20.23,   19.10,  267.07, 3939.82,  105.90,   12.81,   72.41,   74.43,   92.75,   16.17,  117.65,   36.99,
   33.30,   29.21,   65.39,   97.76,   75.43,  104.41,   25.16,   23.97,   49.00,   38.78,   13.82,  140.29,  110.77,   20.15,  250.37,   81.18,  267.45,   60.09,  218.76,   77.93,   11.99,  104.31,  296.23,  322.40,   23.04,   16.05,   27.75,   16.20,   51.67,   52.34,   10.09,   17.68,   13.38,   24.01,   13.57,    9.37,   20.23,   19.10,  269.84, 4013.60,  105.90,   12.63,   72.79,   72.55,   93.04,   16.08,  118.12,   36.99,
   33.30,   28.72,   64.18,   94.91,   75.15,  101.10,   25.40,   23.92,   49.29,   38.88,   13.96,  140.29,  112.79,   20.11,  250.37,   80.32,  266.98,   60.09,  217.79,   76.40,   11.99,  104.31,  293.82,  341.73,   22.85,   16.19,   27.88,   16.20,   51.09,   52.24,   10.09,   17.68,   13.33,   23.91,   13.48,    9.42,   20.23,   19.10,  269.38, 3915.23,  103.53,   12.77,   72.31,   73.11,   90.96,   16.13,  114.33,   36.47,
   33.22,   28.33,   63.53,   95.39,   74.21,  101.57,   25.06,   23.63,   48.91,   38.18,   13.82,  138.38,  109.94,   19.64,  244.10,   79.17,  261.31,   59.05,  218.28,   74.29,   11.86,  103.35,  288.51,  334.97,   22.60,   15.96,   27.52,   15.92,   49.85,   51.67,    9.95,   17.50,   13.04,   23.63,   13.20,    9.24,   19.80,   19.05,  267.07, 3738.16,  103.53,   12.49,   71.36,   72.55,   88.59,   15.90,  113.38,   35.91,
   31.19,   26.48,   61.11,   91.78,   71.66,   97.32,   23.42,   22.76,   47.47,   36.42,   13.39,  132.18,  105.68,   18.60,  230.60,   75.16,  255.16,   56.33,  205.72,   69.49,   11.37,  101.92,  276.45,  326.27,   21.68,   15.39,   26.18,   15.45,   47.07,   48.52,    9.37,   16.95,   12.37,   22.68,   12.42,    8.93,   18.71,   18.49,  255.96, 3364.34,  100.68,   11.88,   70.88,   67.37,   85.29,   15.38,  107.21,   34.54,
   31.99,   26.68,   62.14,   95.86,   73.17,  101.57,   23.57,   22.76,   47.18,   36.70,   13.63,  130.74,  106.63,   18.88,  231.56,   76.69,  252.80,   55.77,  205.24,   70.64,   11.81,  102.88,  274.52,  331.58,   21.68,   15.63,   26.83,   15.73,   48.03,   50.33,    9.57,   17.09,   12.51,   22.78,   12.46,    9.14,   19.33,   18.63,  259.20, 3595.52,  102.58,   12.21,   71.93,   69.34,   85.66,   15.48,  110.06,   35.01,
   32.29,   26.97,   61.95,   94.91,   73.17,  102.52,   23.62,   22.91,   47.08,   35.54,   13.58,  130.74,  105.44,   18.74,  230.11,   75.64,  258.95,   55.86,  211.52,   69.77,   12.26,  103.35,  275.96,  325.78,   21.63,   15.63,   26.60,   15.64,   48.41,   50.90,    9.57,   17.32,   12.61,   22.78,   12.60,    9.09,   19.57,   18.68,  255.49, 3664.38,  101.63,   12.58,   70.69,   67.84,   87.93,   15.38,  109.58,   35.10,
   31.28,   26.38,   61.39,   92.82,   71.57,   99.69,   23.47,   22.91,   45.55,   34.89,   13.48,  128.36,  103.66,   18.65,  224.32,   74.97,  256.58,   55.58,  202.34,   70.35,   11.86,  102.88,  273.07,  322.40,   21.20,   15.44,   26.73,   15.50,   48.03,   50.43,    9.48,   17.13,   12.42,   22.64,   12.55,    9.00,   19.33,   18.44,  252.72, 3516.82,  101.63,   12.35,   69.83,   69.16,   85.19,   15.29,  110.06,   34.73,
   31.59,   26.53,   60.93,   95.86,   71.76,   99.69,   23.52,   22.81,   47.03,   34.71,   13.29,  128.84,  103.78,   18.56,  228.18,   74.78,  255.16,   54.92,  199.93,   72.94,   11.63,  101.92,  275.00,  313.70,   21.20,   15.44,   26.83,   15.59,   48.80,   50.62,    9.81,   17.23,   12.51,   22.83,   12.65,    9.10,   19.57,   18.44,  253.18, 3620.11,  102.10,   12.21,   70.02,   68.12,   85.38,   15.38,  105.79,   34.73,
   32.69,   27.60,   64.37,   98.71,   74.40,  103.46,   24.48,   23.63,   48.04,   36.70,   13.53,  131.22,  104.49,   18.98,  233.97,   76.69,  256.11,   55.86,  205.24,   76.68,   11.90,  104.31,  293.82,  331.10,   21.97,   15.67,   27.19,   15.78,   49.66,   51.57,    9.95,   17.68,   12.66,   23.35,   12.92,    9.37,   20.04,   18.72,  259.66, 3885.72,  102.58,   12.16,   70.98,   71.61,   89.63,   15.52,  109.58,   35.10,
   32.07,   27.50,   62.14,   97.28,   73.92,  100.63,   24.34,   23.44,   47.66,   36.47,   13.39,  131.22,  104.14,   18.60,  231.08,   75.44,  257.05,   56.05,  208.14,   76.11,   11.81,  103.83,  291.40,  337.38,   22.02,   15.67,   27.10,   15.78,   49.56,   51.76,    9.95,   17.68,   12.61,   23.39,   12.83,    9.46,   20.14,   18.82,  261.05, 3782.43,  101.63,   12.02,   69.83,   69.44,   92.38,   15.66,  107.21,   34.92,
   32.38,   27.65,   62.14,   98.71,   74.49,  102.99,   24.68,   23.63,   48.43,   39.57,   13.58,  131.70,  105.32,   19.07,  236.38,   75.83,  259.42,   55.96,  209.10,   76.68,   11.81,  104.79,  289.96,  338.35,   22.07,   15.86,   27.61,   15.87,   50.04,   52.24,   10.09,   17.68,   12.71,   23.63,   13.11,    9.51,   20.18,   18.87,  265.68, 3885.72,  102.10,   12.11,   70.31,   71.23,   91.53,   15.90,  109.58,   34.92,
   32.12,   27.60,   63.63,   98.23,   75.62,  102.99,   25.01,   23.34,   48.52,   39.85,   13.53,  133.13,  105.20,   18.93,  237.83,   76.30,  257.05,   56.05,  207.65,   77.74,   11.77,  105.27,  286.10,  346.57,   21.97,   15.91,   27.65,   15.96,   49.94,   51.86,   10.00,   17.87,   12.71,   23.63,   13.02,    9.56,   20.33,   19.05,  280.95, 3718.48,  102.10,   12.07,   70.21,   70.57,   91.90,   15.90,  111.96,   34.92,
   32.51,   27.65,   64.18,   98.23,   75.90,  102.52,   25.01,   23.24,   48.24,   38.92,   13.58,  132.65,  104.38,   18.88,  237.35,   75.83,  261.78,   55.96,  210.07,   77.55,   11.63,  104.79,  290.44,  342.22,   21.97,   15.77,   27.06,   16.01,   49.94,   52.05,    9.95,   17.73,   12.61,   23.58,   13.11,    9.46,   20.28,   18.96,  272.62, 3634.87,  102.10,   12.11,   70.50,   70.66,   92.85,   15.85,  111.01,   34.68,
   32.51,   27.45,   64.46,   96.81,   74.49,  100.16,   24.82,   23.53,   48.04,   39.57,   13.44,  133.13,  104.14,   19.03,  234.45,   76.11,  258.00,   55.20,  208.14,   75.53,   11.72,  103.83,  288.99,  338.35,   21.97,   15.67,   27.10,   15.92,   49.94,   51.48,    9.95,   17.78,   12.61,   23.72,   13.06,    9.42,   20.42,   18.91,  272.62, 3836.53,  101.15,   12.02,   69.93,   70.66,   93.79,   15.76,  108.64,   35.06,
   32.42,   27.16,   63.90,   95.39,   73.74,   99.21,   24.58,   23.10,   47.80,   39.85,   13.44,  131.70,  104.02,   18.79,  231.56,   75.35,  256.58,   55.67,  206.20,   75.25,   11.54,  103.35,  291.89,  337.38,   21.88,   15.67,   27.15,   15.82,   48.60,   50.90,    9.86,   17.73,   12.42,   23.58,   12.92,    9.42,   20.56,   18.77,  268.92, 3807.02,  101.63,   11.93,   69.55,   69.91,   91.34,   15.71,  106.74,   34.73,
   31.90,   27.16,   63.07,   95.86,   73.55,   99.21,   24.58,   22.76,   47.18,   39.85,   13.34,  132.18,  103.07,   18.88,  233.01,   74.97,  255.16,   55.67,  203.79,   75.25,   11.54,  103.35,  284.65,  337.87,   21.54,   15.53,   26.73,   15.78,   47.93,   50.23,    9.76,   17.59,   12.47,   23.39,   12.88,    9.34,   20.42,   18.77,  266.60, 3639.79,  101.15,   11.88,   69.83,   69.72,   92.00,   15.57,  105.79,   34.68,
   32.07,   27.16,   62.79,   96.33,   74.68,  100.16,   24.77,   22.86,   47.27,   40.13,   13.58,  133.61,  104.49,   18.98,  241.21,   75.35,  253.75,   55.86,  205.24,   76.40,   11.59,  104.79,  290.44,  352.37,   21.59,   15.63,   27.19,   15.92,   48.13,   50.43,    9.86,   17.73,   12.51,   23.49,   12.92,    9.42,   20.61,   18.91,  266.14, 3595.52,  102.10,   11.93,   70.50,   69.63,   91.15,   15.71,  108.16,   34.68,
   31.99,   26.82,   64.18,   96.33,   74.77,   99.69,   24.77,   22.67,   47.13,   39.48,   13.48,  130.74,  104.85,   19.07,  238.31,   75.35,  257.05,   55.11,  208.62,   76.78,   11.50,  104.79,  289.47,  348.98,   21.68,   15.63,   27.29,   15.92,   48.13,   50.14,    9.86,   17.78,   12.51,   23.16,   12.88,    9.46,   20.33,   18.82,  266.60, 3629.95,  101.63,   11.84,   70.98,   69.72,   90.49,   15.66,  107.21,   34.59,
   31.99,   26.72,   63.72,   96.33,   74.40,   99.69,   24.82,   22.67,   47.27,   39.57,   14.83,  130.74,  105.92,   19.12,  240.73,   75.44,  258.00,   55.30,  207.65,   78.70,   12.12,  104.79,  298.64,  348.02,   21.78,   15.63,   27.52,   15.96,   48.22,   50.04,    9.86,   17.73,   12.56,   23.58,   12.88,    9.42,   20.51,   18.87,  265.68, 3654.54,  101.63,   12.25,   71.83,   69.91,   90.67,   15.76,  108.64,   34.30,
   32.20,   27.41,   63.44,   96.33,   74.68,   99.69,   24.72,   22.76,   47.32,   39.48,   14.49,  129.31,  108.88,   19.17,  241.69,   76.11,  254.69,   55.67,  210.07,   79.95,   11.99,  104.79,  299.61,  350.43,   21.78,   15.67,   27.38,   16.06,   48.32,   49.66,    9.90,   17.78,   12.61,   23.58,   12.83,    9.42,   20.56,   18.96,  269.38, 3797.18,  101.15,   12.11,   70.31,   70.66,   91.81,   15.85,  107.69,   34.73,
   32.69,   28.82,   64.74,   98.23,   75.81,  101.57,   24.92,   22.86,   48.33,   38.92,   14.64,  129.31,  111.72,   19.40,  245.07,   77.55,  258.00,   56.33,  212.48,   79.66,   11.94,  104.31,  305.88,  354.78,   21.92,   15.86,   27.93,   16.15,   49.56,   52.05,   10.04,   17.87,   12.85,   24.05,   13.02,    9.51,   20.80,   19.01,  271.23, 3890.64,  100.68,   12.07,   70.02,   72.92,   99.75,   15.99,  110.06,   34.92,
   32.95,   28.67,   64.93,   97.76,   76.28,  101.10,   25.11,   23.00,   48.00,   38.69,   14.64,  130.74,  112.79,   19.45,  249.89,   78.02,  261.31,   56.52,  213.93,   86.28,   12.03,  104.31,  307.81,  350.43,   22.07,   15.96,   27.84,   16.24,   49.37,   51.48,   10.09,   17.91,   12.85,   24.24,   13.11,    9.84,   20.80,   19.10,  273.55, 3979.17,  100.68,   12.07,   70.02,   72.83,   97.86,   16.04,  111.48,   35.34,
   32.95,   28.72,   64.46,   96.81,   75.81,  101.57,   24.82,   23.00,   48.52,   37.76,   14.49,  130.27,  110.54,   19.54,  247.96,   76.50,  258.95,   56.80,  212.00,   85.80,   11.99,  104.31,  302.50,  347.53,   22.12,   15.96,   27.93,   16.24,   49.37,   51.48,    9.95,   17.82,   12.80,   23.91,   13.29,    9.89,   20.70,   19.10,  270.31, 3895.55,  100.68,   12.07,   70.41,   72.08,   95.97,   15.99,  111.48,   35.20,
   33.04,   28.67,   64.18,   96.81,   75.62,  101.10,   24.82,   22.91,   48.43,   39.25,   14.49,  130.27,  110.65,   19.35,  246.03,   76.02,  259.89,   56.71,  211.52,   87.34,   12.03,  104.31,  306.84,  348.98,   22.07,   15.96,   27.70,   16.20,   48.99,   51.00,   10.00,   17.73,   12.80,   23.72,   13.29,    9.89,   20.51,   19.01,  271.69, 3723.40,  100.68,   12.11,   70.98,   71.61,   96.92,   15.99,  111.01,   34.77,
   33.04,   28.33,   65.21,   96.81,   76.94,  103.94,   25.78,   22.86,   48.14,   38.69,   14.59,  129.79,  109.94,   19.54,  246.03,   75.54,  260.84,   56.61,  206.20,   90.41,   12.12,  105.27,  305.88,  349.95,   22.22,   15.96,   28.57,   16.38,   49.46,   51.00,   10.09,   17.68,   12.99,   24.10,   13.25,   10.12,   20.23,   19.10,  279.56, 3629.95,  100.20,   12.21,   70.50,   71.70,  101.17,   16.04,  110.06,   36.24,
   33.00,   28.43,   64.46,   97.76,   77.22,  103.46,   25.21,   23.05,   47.95,   38.88,   14.64,  128.36,  110.06,   19.68,  246.03,   75.73,  262.25,   57.27,  204.27,   93.10,   12.30,  105.27,  322.28,  349.95,   22.17,   16.00,   28.34,   16.38,   49.37,   51.19,   10.00,   17.96,   12.90,   24.05,   13.39,   10.03,   20.51,   19.15,  275.86, 3649.62,  100.68,   12.25,   70.98,   71.13,  101.17,   16.04,  110.06,   35.91,
   32.82,   28.33,   63.35,   99.66,   77.69,  104.41,   25.16,   22.91,   48.14,   38.69,   14.59,  125.97,  109.71,   19.03,  244.10,   75.44,  258.95,   57.08,  202.82,   91.18,   12.43,  104.79,  330.48,  352.37,   22.12,   15.91,   27.98,   16.34,   49.46,   50.81,    9.95,   17.87,   12.85,   23.96,   13.39,    9.93,   20.47,   19.05,  276.32, 3497.15,  100.68,   12.35,   71.36,   70.57,   99.28,   15.94,  109.58,   35.91,
   32.82,   28.48,   64.00,  101.08,   77.69,  104.88,   25.16,   22.91,   47.56,   38.09,   14.59,  126.45,  109.47,   19.03,  243.62,   76.30,  262.73,   57.27,  205.24,   95.02,   12.30,  105.75,  324.21,  354.30,   22.12,   16.05,   27.98,   16.38,   49.27,   51.00,    9.90,   17.96,   12.90,   23.96,   13.43,    9.84,   20.42,   19.05,  277.25, 3590.60,  101.63,   12.16,   71.45,   70.19,  101.17,   15.94,  100.57,   36.00,
   33.00,   28.53,   63.81,   98.71,   78.26,  104.88,   25.35,   23.00,   47.71,   38.37,   14.64,  124.06,  109.94,   18.93,  242.66,   75.73,  262.25,   57.36,  204.76,   92.43,   12.17,  106.70,  324.21,  349.95,   22.07,   16.10,   28.16,   16.38,   49.56,   51.00,    9.90,   17.96,   13.04,   24.01,   13.34,    9.93,   20.47,   19.10,  272.62, 3536.49,  102.58,   12.07,   72.02,   70.19,   97.39,   15.99,  110.53,   35.95,
   32.51,   28.04,   63.25,   99.18,   77.41,  103.94,   25.01,   22.67,   47.32,   37.53,   14.59,  122.16,  107.10,   18.70,  236.38,   74.87,  255.64,   56.33,  202.34,   90.70,   12.03,  105.27,  316.49,  348.02,   21.78,   15.91,   27.52,   16.24,   48.13,   49.85,    9.81,   17.78,   12.95,   23.82,   13.20,    9.70,   19.90,   19.01,  271.23, 3344.67,  101.63,   11.88,   71.55,   69.25,   95.97,   15.90,  111.48,   35.81,
   32.16,   27.80,   63.25,   98.23,   77.69,  103.46,   25.01,   22.62,   47.08,   37.30,   14.54,  121.20,  106.86,   18.74,  234.94,   74.49,  257.05,   56.52,  202.34,   88.30,   12.12,  106.23,  334.82,  347.05,   21.92,   15.81,   27.79,   16.24,   48.22,   50.43,    9.76,   17.73,   12.95,   23.77,   13.25,    9.79,   19.99,   19.01,  273.08, 3443.04,  102.58,   11.93,   72.02,   69.25,   97.39,   16.04,  112.43,   36.05,
   32.64,   27.89,   63.44,   99.66,   78.26,  103.94,   25.16,   22.71,   46.70,   37.81,   14.92,  125.50,  108.05,   18.84,  242.17,   74.87,  259.42,   56.14,  202.82,   91.56,   12.12,  107.18,  330.48,  358.65,   21.88,   15.91,   28.11,   16.38,   48.51,   50.90,    9.90,   17.82,   12.99,   24.01,   13.43,    9.84,   20.09,   19.15,  274.93, 3364.34,  103.05,   12.02,   72.50,   69.53,   97.39,   16.08,  113.38,   36.24,
   32.51,   27.65,   63.25,   97.76,   77.69,  102.99,   25.16,   22.57,   45.93,   37.63,   14.78,  122.63,  106.74,   18.74,  236.38,   74.87,  259.42,   55.58,  201.86,   87.05,   12.03,  107.66,  321.32,  351.88,   21.78,   15.96,   27.98,   16.34,   48.13,   50.14,    9.81,   17.87,   12.85,   23.68,   13.25,    9.75,   19.95,   19.15,  274.93, 3310.24,  103.05,   12.02,   72.60,   69.25,   97.39,   16.08,  112.43,   36.33,
   32.12,   27.36,   63.53,   97.76,   77.03,  102.99,   25.30,   22.38,   45.50,   37.72,   14.68,  124.06,  106.63,   18.65,  235.42,   74.59,  256.58,   55.20,  201.86,   88.59,   11.99,  106.70,  319.39,  349.47,   21.63,   15.81,   27.84,   16.29,   47.93,   49.47,    9.76,   17.96,   12.80,   23.68,   13.20,    9.65,   19.85,   19.20,  271.23, 3261.05,  103.53,   11.88,   73.36,   68.40,   94.55,   15.99,  112.43,   36.52,
   32.16,   27.60,   63.72,   98.23,   77.31,  102.52,   25.54,   22.67,   45.21,   37.67,   14.78,  124.06,  108.28,   18.60,  237.35,   76.40,  259.42,   55.20,  201.86,   88.11,   12.12,  108.14,  328.07,  343.18,   21.92,   15.96,   27.61,   16.38,   47.93,   49.57,    9.86,   17.87,   12.80,   23.72,   13.20,    9.75,   20.14,   19.20,  274.01, 3275.81,  104.00,   12.25,   74.31,   68.97,   97.39,   16.04,  113.38,   36.80,
   32.12,   27.80,   64.18,   98.71,   76.84,  102.52,   25.50,   22.62,   45.21,   38.37,   14.88,  124.54,  104.85,   18.74,  238.80,   76.02,  260.84,   55.49,  202.82,   88.30,   12.08,  108.14,  328.55,  344.15,   21.73,   15.91,   27.65,   16.38,   48.03,   50.14,    9.76,   17.91,   12.80,   23.82,   13.15,    9.70,   20.14,   19.24,  272.16, 3295.48,  104.48,   12.21,   74.50,   68.78,   97.86,   16.04,  112.43,   37.18,
   32.20,   27.94,   64.56,   97.28,   76.84,  101.57,   25.40,   22.67,   44.97,   38.09,   14.83,  124.06,  104.38,   18.79,  237.83,   75.64,  259.89,   55.39,  202.82,   88.01,   12.21,  107.66,  324.69,  345.60,   21.73,   15.86,   27.79,   16.34,   47.93,   50.14,    9.81,   17.87,   12.90,   23.96,   13.11,    9.65,   19.99,   19.20,  273.55, 3133.17,  104.48,   12.25,   73.74,   68.59,   97.39,   16.04,  111.01,   36.66,
   32.47,   27.50,   63.44,   96.81,   76.56,  101.57,   25.64,   22.52,   44.87,   37.35,   14.78,  122.16,  103.31,   18.60,  235.42,   74.68,  259.42,   54.73,  199.93,   86.95,   12.12,  107.18,  316.49,  341.25,   21.78,   15.77,   27.88,   16.29,   47.74,   49.66,    9.81,   17.82,   12.85,   23.87,   13.02,    9.61,   19.85,   19.15,  275.86, 3133.17,  104.00,   12.11,   73.17,   67.84,   95.02,   15.99,  110.06,   36.47,
   32.82,   28.67,   65.30,   99.66,   78.54,  105.83,   26.07,   22.96,   46.17,   37.44,   14.64,  121.68,  103.55,   18.37,  236.38,   74.30,  262.73,   54.45,  200.41,   84.94,   11.86,  109.10,  316.01,  345.12,   21.83,   15.91,   27.84,   16.43,   48.13,   50.62,    9.86,   17.96,   12.95,   24.05,   13.02,    9.75,   19.95,   19.15,  277.25, 2951.18,  104.48,   11.98,   74.50,   68.02,   94.46,   16.04,  112.90,   36.19,
   33.57,   28.67,   65.67,  100.13,   78.92,  106.30,   26.22,   22.91,   46.03,   37.53,   14.68,  121.68,  103.07,   18.37,  236.87,   74.20,  262.25,   54.17,  198.96,   88.20,   11.81,  109.58,  315.53,  351.88,   21.88,   16.00,   28.34,   16.57,   48.80,   50.62,   10.00,   18.14,   13.23,   24.24,   13.20,    9.93,   19.99,   19.24,  280.03, 3197.11,  104.48,   11.84,   74.88,   67.65,   97.86,   16.13,  111.48,   35.95,
   33.79,   28.62,   65.77,  100.13,   79.01,  105.35,   26.03,   22.76,   46.17,   37.53,   14.78,  120.72,  103.43,   18.46,  239.28,   75.25,  262.25,   53.98,  198.96,   87.53,   11.81,  109.10,  327.11,  346.08,   21.92,   16.00,   28.39,   16.52,   48.80,   50.90,    9.95,   18.33,   13.19,   24.10,   13.20,    9.93,   20.42,   19.24,  278.17, 3177.44,  104.48,   11.74,   74.88,   67.65,   99.28,   16.08,  113.38,   36.28,
   33.48,   28.33,   65.86,  101.08,   79.86,  104.41,   25.83,   22.76,   45.93,   37.95,   14.83,  117.86,  102.84,   18.32,  236.38,   74.97,  262.73,   53.33,  199.93,   88.78,   11.94,  109.10,  319.87,  355.27,   22.17,   16.00,   28.71,   16.57,   48.80,   50.90,   10.00,   18.42,   13.23,   24.24,   13.20,    9.93,   20.33,   19.29,  279.10, 3246.30,  104.00,   11.70,   74.50,   67.37,  100.70,   16.08,  113.85,   36.52,
   33.57,   28.38,   65.77,  101.08,   79.20,  103.94,   25.69,   22.62,   45.88,   38.18,   14.78,  115.00,  103.07,   18.74,  235.90,   74.97,  266.03,   52.67,  199.93,   89.64,   11.86,  108.62,  324.21,  350.43,   22.17,   15.96,   28.57,   16.57,   48.99,   50.43,   10.04,   18.37,   13.23,   24.20,   13.15,    9.93,   20.51,   19.24,  280.49, 3403.69,  103.53,   11.70,   74.60,   66.99,   98.81,   16.04,  114.33,   36.80,
   33.61,   28.48,   66.60,  102.03,   78.92,  103.46,   25.69,   22.62,   46.07,   38.37,   14.73,  115.95,  103.78,   18.51,  234.94,   75.06,  261.31,   51.73,  197.99,   88.49,   11.63,  108.14,  330.00,  357.68,   22.12,   15.96,   28.76,   16.52,   48.41,   50.14,    9.90,   18.46,   13.23,   24.24,   13.15,    9.84,   20.47,   19.20,  278.17, 3492.23,  104.95,   11.18,   74.41,   66.23,   99.28,   15.99,  112.90,   36.80,
   33.39,   28.38,   65.58,  100.61,   77.60,  102.05,   25.54,   22.47,   45.59,   38.04,   14.73,  114.52,  102.48,   18.42,  229.63,   74.01,  258.47,   50.51,  194.61,   85.90,   11.19,  108.62,  328.07,  349.47,   22.51,   15.96,   28.67,   16.52,   47.79,   49.28,    9.81,   18.37,   13.14,   23.96,   13.11,    9.75,   20.04,   19.20,  279.10, 3521.74,  104.00,   10.76,   74.31,   65.01,   96.44,   15.94,  111.48,   36.00,
   33.57,   28.43,   66.23,  100.61,   78.07,  102.52,   25.93,   22.57,   45.35,   37.67,   14.97,  114.52,  100.47,   18.37,  229.63,   72.87,  261.78,   49.95,  194.61,   89.35,   11.32,  109.58,  349.30,  352.37,   22.31,   15.96,   28.53,   16.52,   47.84,   49.66,    9.90,   18.42,   13.19,   23.82,   13.11,    9.84,   20.42,   19.20,  280.03, 3467.63,  104.48,   10.90,   74.41,   65.10,   96.44,   15.94,  112.43,   35.01,
   34.27,   29.35,   68.28,  100.13,   78.92,  103.46,   26.22,   22.86,   46.27,   37.53,   15.21,  114.52,  100.70,   18.60,  235.90,   73.44,  264.14,   51.54,  196.55,   93.96,   11.41,  109.10,  347.85,  358.65,   22.41,   16.05,   29.17,   16.62,   48.41,   50.52,   10.04,   18.51,   13.28,   24.34,   13.20,    9.93,   20.61,   19.34,  282.80, 3433.20,  104.48,   11.28,   74.50,   65.48,   97.39,   16.08,  112.90,   35.29,
   34.05,   29.60,   66.42,  101.08,   78.16,  102.99,   26.12,   22.81,   46.03,   37.86,   14.97,  113.57,   99.52,   18.70,  220.95,   72.58,  263.67,   50.70,  196.06,   88.97,   11.23,  108.62,  342.06,  335.93,   22.36,   16.05,   28.85,   16.52,   48.22,   50.14,   10.19,   18.65,   13.23,   24.29,   13.20,    9.93,   20.47,   19.34,  280.95, 3364.34,  104.48,   10.95,   74.03,   66.42,   98.81,   15.94,  113.38,   34.92,
   34.18,   30.13,   65.39,  100.13,   77.22,  102.05,   26.17,   22.76,   45.83,   37.30,   14.92,  109.27,   98.33,   18.60,  218.54,   71.53,  261.31,   50.79,  196.55,   89.26,   11.01,  107.66,  338.20,  323.85,   22.02,   16.05,   28.85,   16.57,   48.03,   50.14,   10.47,   18.46,   13.23,   24.38,   13.29,    9.93,   20.28,   19.43,  273.08, 3202.03,  104.48,   10.72,   74.31,   66.33,   98.33,   15.94,  112.90,   34.54,
   35.90,   30.08,   65.39,   98.71,   76.18,  101.10,   25.88,   22.47,   45.98,   36.28,   14.73,  106.41,   95.49,   18.37,  219.02,   69.52,  263.67,   50.98,  196.55,   86.47,   10.75,  106.23,  329.52,  314.67,   21.88,   15.96,   29.13,   16.52,   48.03,   50.14,   10.47,   18.55,   13.14,   24.48,   13.15,    9.89,   20.23,   19.43,  273.08, 3167.60,  103.53,   10.48,   73.93,   65.10,   98.81,   15.94,  111.48,   34.44,
   35.32,   29.89,   64.74,   97.76,   76.18,  101.57,   26.22,   22.57,   45.55,   37.07,   14.88,  106.41,   95.25,   18.46,  217.09,   71.53,  265.56,   50.89,  196.06,   87.15,   10.79,  105.75,  325.18,  315.63,   21.92,   16.00,   29.45,   16.57,   48.13,   49.85,   10.38,   18.55,   13.28,   24.57,   13.15,    9.89,   20.33,   19.43,  273.08, 3197.11,  103.05,   10.53,   73.74,   64.63,   98.81,   15.94,  114.33,   34.44,
   35.59,   30.47,   65.86,   98.71,   76.28,  102.52,   26.12,   22.52,   45.21,   36.88,   15.07,  104.98,   95.49,   18.37,  214.19,   70.67,  264.14,   50.79,  194.13,   88.11,   10.66,  106.70,  312.15,  315.63,   21.83,   16.00,   29.54,   16.62,   48.32,   50.43,   10.38,   18.83,   13.57,   24.53,   13.11,    9.93,   20.18,   19.43,  271.23, 3241.38,  103.53,   10.16,   73.93,   64.35,   98.81,   15.94,  112.90,   35.10,
   35.41,   30.91,   65.39,   99.18,   76.09,  102.52,   26.22,   22.57,   45.35,   37.02,   15.07,  104.98,   96.56,   18.27,  215.64,   70.57,  263.20,   50.70,  193.65,   89.35,   11.15,  108.14,  327.59,  309.35,   22.02,   16.05,   29.72,   16.62,   48.60,   51.09,   10.42,   18.87,   13.66,   24.57,   13.25,    9.93,   20.28,   19.39,  270.77, 3211.87,  103.53,   10.34,   74.03,   64.73,  101.17,   16.08,  112.90,   34.63,
   35.90,   30.91,   66.60,   99.18,   76.84,  103.46,   27.38,   22.67,   46.03,   36.37,   15.35,  103.07,   98.21,   18.23,  219.02,   70.57,  262.73,   50.79,  197.51,   89.26,   11.01,  108.14,  328.07,  319.98,   22.12,   16.05,   29.63,   16.71,   48.80,   51.09,   10.66,   19.24,   13.62,   24.81,   13.34,   10.03,   20.18,   19.34,  270.77, 3423.37,  104.00,   10.34,   74.69,   65.48,  103.06,   16.08,  115.28,   35.06,
   35.90,   31.20,   65.58,  100.13,   78.07,  104.41,   27.57,   22.81,   45.50,   35.77,   15.59,  103.07,   96.91,   18.42,  215.16,   71.05,  263.67,   50.32,  194.13,   88.01,   10.97,  107.18,  319.39,  321.92,   22.17,   16.05,   29.45,   16.75,   49.08,   51.09,   10.47,   19.10,   13.95,   24.81,   13.39,   10.03,   20.09,   19.39,  272.62, 3639.79,  105.43,   10.30,   74.12,   66.89,  102.59,   16.27,  113.85,   35.53,
   34.62,   30.18,   64.00,   99.18,   76.94,  103.46,   27.13,   22.42,   45.16,   35.22,   15.40,   99.25,   94.90,   18.09,  212.75,   70.48,  264.62,   49.48,  199.44,   86.28,   10.97,  106.70,  308.77,  310.80,   21.83,   16.00,   29.03,   16.66,   48.22,   50.52,   10.42,   18.83,   13.86,   24.67,   13.25,    9.93,   20.04,   19.34,  270.77, 3625.03,  104.48,   10.30,   73.64,   66.61,   99.75,   16.17,  112.43,   35.20,
   34.75,   30.81,   65.11,   99.66,   77.03,  102.99,   26.70,   22.42,   44.82,   35.22,   15.35,  102.11,   95.25,   18.04,  215.16,   70.67,  260.84,   49.57,  197.03,   88.01,   11.01,  106.70,  314.08,  306.45,   21.78,   15.91,   28.39,   16.57,   47.93,   50.43,   10.33,   18.97,   13.57,   24.38,   13.25,    9.89,   19.99,   19.24,  268.92, 3580.76,  104.00,   10.39,   73.45,   65.76,  100.22,   16.08,  111.96,   34.92,
   35.50,   30.67,   65.30,  100.13,   77.69,  104.41,   27.09,   22.42,   44.58,   34.84,   15.02,  106.89,   96.67,   17.99,  215.64,   72.58,  259.89,   49.85,  198.48,   88.87,   10.92,  107.18,  307.32,  323.37,   21.73,   15.91,   28.44,   16.52,   48.13,   50.62,   10.38,   18.97,   13.71,   24.57,   13.34,    9.84,   20.04,   19.24,  268.92, 3934.90,  103.53,   10.30,   73.07,   65.20,  101.17,   16.08,  112.43,   34.82,
   35.85,   31.54,   64.93,  100.13,   78.07,  104.88,   27.38,   22.57,   44.39,   35.68,   15.21,  109.27,   97.86,   18.18,  219.98,   72.39,  264.62,   49.57,  197.99,   90.22,   11.37,  107.18,  313.60,  324.82,   21.68,   16.00,   28.67,   16.57,   48.51,   51.09,   10.47,   18.97,   13.66,   24.76,   13.34,    9.89,   20.28,   19.29,  271.69, 3925.07,  104.48,   10.86,   73.26,   65.95,  102.12,   16.08,  115.28,   34.96,
   35.68,   31.54,   64.09,  100.13,   78.16,  103.94,   27.28,   22.62,   44.20,   35.35,   15.55,  107.84,   96.91,   18.18,  221.43,   72.96,  261.31,   49.20,  197.99,   90.60,   11.19,  105.27,  316.49,  326.75,   21.73,   15.96,   28.80,   16.52,   48.51,   51.19,   10.57,   18.97,   13.71,   24.72,   13.39,    9.84,   20.37,   19.24,  267.99, 3934.90,  103.05,   10.81,   71.45,   64.92,  103.53,   16.08,  114.33,   35.39,
   36.12,   32.13,   65.39,  100.61,   78.92,  104.41,   27.18,   22.62,   44.20,   35.63,   15.31,  109.75,   98.21,   18.60,  221.43,   73.15,  263.67,   49.67,  199.44,   89.83,   11.19,  103.83,  317.94,  326.75,   21.63,   16.00,   28.76,   16.57,   48.80,   50.90,   10.52,   19.06,   13.66,   24.67,   13.34,    9.89,   20.37,   19.29,  278.64, 3915.23,  102.58,   10.62,   70.88,   64.63,  103.06,   16.08,  116.70,   35.15,
   36.25,   32.13,   65.11,  102.98,   80.05,  108.19,   27.33,   22.71,   44.44,   36.00,   15.50,  108.79,  100.70,   18.98,  224.81,   73.82,  263.67,   49.85,  201.38,   91.75,   11.23,  104.31,  308.29,  334.48,   22.17,   16.14,   28.99,   16.62,   49.56,   52.14,   10.61,   19.15,   13.81,   24.95,   13.48,   10.03,   20.85,   19.53,  280.49, 4008.68,  101.63,   10.76,   71.45,   63.13,  105.90,   16.17,  119.07,   35.48,
   37.92,   33.05,   66.97,  105.35,   80.52,  108.19,   27.23,   22.67,   44.10,   35.63,   15.74,  110.23,  105.44,   18.93,  224.81,   74.49,  263.67,   48.91,  201.38,   91.47,   11.28,  104.31,  308.77,  343.18,   22.65,   16.14,   28.94,   16.66,   49.56,   52.53,   10.61,   19.42,   13.86,   25.05,   13.48,   10.07,   20.99,   19.62,  279.56, 4136.57,  101.63,   10.76,   70.98,   63.60,  106.37,   16.27,  119.07,   35.48,
   38.22,   32.86,   66.97,  104.88,   80.23,  106.30,   27.13,   22.52,   43.24,   35.40,   15.79,  109.75,  101.89,   18.74,  222.39,   71.82,  258.00,   49.29,  198.48,   91.66,   11.37,  103.83,  307.81,  334.97,   22.70,   16.28,   28.90,   16.75,   48.99,   51.57,   10.61,   19.38,   13.86,   24.86,   13.48,    9.98,   20.80,   19.48,  283.73, 4023.44,  101.63,   10.72,   71.36,   63.03,  104.01,   16.27,  116.23,   35.48,
   40.33,   32.86,   67.44,  105.35,   81.36,  109.13,   27.18,   22.67,   42.76,   35.63,   15.64,  110.23,  100.23,   18.84,  222.39,   70.86,  261.78,   49.38,  202.34,   98.38,   11.41,  103.35,  307.81,  333.52,   22.70,   16.33,   29.31,   16.66,   49.94,   52.43,   10.80,   19.33,   13.86,   25.00,   13.57,   10.03,   20.94,   19.58,  284.65, 3984.09,  102.10,   10.76,   71.55,   62.75,  104.01,   16.36,  117.17,   35.39,
   40.11,   33.20,   65.77,  105.83,   82.12,  111.02,   27.13,   22.52,   43.10,   35.40,   15.40,  108.32,   99.75,   18.65,  218.54,   70.67,  261.31,   49.67,  199.44,   97.42,   11.41,  103.83,  299.12,  329.65,   22.70,   16.28,   29.31,   16.66,   50.23,   52.43,   10.76,   19.38,   13.86,   25.00,   13.57,    9.98,   20.94,   19.58,  282.34, 3856.21,  102.10,   10.76,   71.55,   63.31,  102.12,   16.31,  119.07,   34.92,
   40.03,   34.12,   66.42,  106.30,   82.21,  111.02,   27.62,   22.57,   43.10,   35.35,   15.40,  108.79,   99.40,   18.65,  215.64,   70.10,  262.73,   49.38,  198.96,   94.92,   11.32,  105.27,  302.02,  330.62,   22.80,   16.33,   30.00,   16.57,   50.61,   51.95,   10.94,   19.38,   13.81,   25.24,   13.66,   10.07,   20.99,   19.72,  288.82, 3944.74,  103.05,   10.67,   72.69,   61.24,  100.22,   16.41,  117.65,   34.25,
   40.42,   34.32,   66.70,  106.77,   82.02,  111.50,   27.91,   22.57,   43.82,   35.73,   15.40,  112.13,  100.70,   18.70,  220.95,   70.77,  263.67,   49.67,  201.86,   95.02,   11.32,  105.27,  302.98,  344.15,   23.09,   16.52,   30.51,   16.66,   50.90,   52.53,   11.04,   19.47,   13.95,   25.52,   13.75,   10.17,   21.04,   19.72,  287.43, 3974.25,  103.05,   10.76,   73.07,   61.24,  101.17,   16.45,  119.07,   34.63,
   40.07,   33.39,   66.79,  103.93,   81.65,  110.08,   27.86,   22.47,   44.78,   35.63,   15.55,  109.27,   99.52,   18.65,  220.95,   70.67,  259.89,   51.64,  201.38,   93.29,   11.37,  104.79,  309.25,  343.18,   22.99,   16.61,   30.23,   16.57,   51.38,   52.24,   10.90,   19.47,   13.90,   25.33,   13.71,   10.17,   21.04,   19.62,  282.80, 3915.23,  103.05,   10.81,   73.17,   61.24,  101.64,   16.50,  118.60,   34.30,
   38.75,   32.76,   66.97,  104.40,   81.65,  110.08,   28.15,   22.38,   44.78,   35.45,   15.55,  107.36,   99.04,   18.60,  220.46,   70.00,  261.31,   49.76,  200.41,   95.30,   11.37,  104.79,  308.77,  331.10,   23.04,   16.66,   30.28,   16.52,   51.00,   51.57,   10.80,   19.38,   13.76,   25.42,   13.66,   10.12,   21.04,   19.53,  284.65, 3856.21,  103.05,   10.81,   73.93,   61.24,  102.59,   16.50,  115.75,   34.35,
   39.32,   32.96,   67.07,  105.35,   82.31,  110.55,   28.19,   22.42,   44.30,   35.96,   15.55,  107.36,   99.64,   18.60,  220.95,   71.43,  262.25,   50.23,  200.89,   97.90,   11.32,  104.79,  310.70,  331.10,   23.23,   16.66,   30.46,   16.52,   51.19,   51.76,   10.90,   19.42,   13.71,   25.57,   13.71,   10.21,   21.04,   19.67,  287.89, 3934.90,  103.53,   10.76,   73.84,   61.24,  102.12,   16.59,  116.23,   34.44,
   38.58,   32.66,   67.35,  102.98,   80.99,  108.66,   27.71,   22.52,   44.06,   36.00,   15.59,  109.75,  102.48,   18.60,  220.46,   71.72,  259.42,   50.13,  200.89,   96.46,   11.28,  105.27,  312.63,  335.93,   23.23,   16.66,   30.23,   16.52,   50.80,   51.48,   10.94,   19.38,   13.66,   25.38,   13.66,   10.31,   21.08,   19.77,  285.12, 3929.99,  104.00,   10.67,   74.98,   62.28,  103.06,   16.64,  116.23,   34.25,
   38.62,   32.61,   68.18,  104.40,   81.27,  110.55,   27.66,   22.57,   43.82,   36.33,   15.74,  108.32,  105.20,   18.74,  219.02,   72.29,  262.25,   50.32,  201.86,   95.30,   11.32,  106.23,  307.32,  333.52,   23.23,   16.71,   30.37,   16.62,   51.00,   51.67,   10.90,   19.47,   13.62,   25.66,   13.66,   10.31,   21.08,   19.86,  284.19, 4018.52,  104.48,   10.72,   74.60,   62.18,  102.59,   16.78,  114.80,   34.49,
   38.14,   31.98,   68.37,  104.40,   80.99,  111.02,   27.76,   22.57,   43.77,   36.14,   15.79,  109.27,  103.78,   18.84,  217.09,   72.01,  262.25,   50.60,  201.86,   94.92,   11.41,  104.79,  303.95,  333.52,   23.19,   16.71,   30.37,   16.66,   50.52,   51.67,   10.76,   19.52,   13.52,   25.42,   13.62,   10.26,   21.04,   19.86,  286.04, 4185.75,  104.48,   10.76,   73.45,   62.18,  101.17,   16.78,  114.33,   34.40,
   38.44,   31.93,   66.88,  102.98,   80.14,  110.08,   27.04,   22.38,   43.19,   35.68,   15.74,  106.89,  103.55,   18.56,  213.23,   70.86,  257.53,   50.13,  195.58,   92.62,   11.37,  103.83,  299.12,  334.48,   22.80,   16.52,   29.45,   16.43,   48.99,   50.52,   10.52,   19.24,   13.19,   24.90,   13.43,   10.03,   20.51,   19.48,  282.34, 4131.65,  104.00,   10.58,   72.41,   61.24,   99.28,   16.59,  111.96,   34.07,
   38.31,   32.18,   68.00,  102.03,   78.82,  108.66,   27.52,   22.76,   43.82,   36.23,   15.98,  105.93,  101.53,   18.51,  216.12,   70.48,  256.58,   49.76,  196.06,   95.59,   11.68,  104.31,  300.57,  336.90,   22.46,   16.47,   28.94,   16.66,   49.85,   51.19,   10.66,   19.15,   13.52,   24.81,   13.62,   10.40,   20.51,   19.29,  284.19, 4033.28,  104.48,   10.81,   72.79,   59.64,  101.17,   16.45,  115.28,   34.63,
   38.44,   32.37,   68.84,  103.93,   80.14,  108.66,   27.91,   22.91,   43.48,   36.19,   15.79,  109.27,  102.60,   18.60,  216.12,   71.34,  262.25,   51.73,  197.51,   93.58,   11.77,  105.27,  307.81,  344.15,   22.85,   16.57,   29.49,   16.57,   49.56,   51.09,   10.76,   19.33,   13.43,   25.24,   13.66,   10.40,   20.61,   19.67,  288.82, 4175.92,  104.95,   10.95,   73.64,   61.15,  103.06,   16.64,  115.75,   34.44,
   40.11,   33.73,   69.86,  104.88,   81.36,  110.55,   28.29,   23.34,   43.86,   36.19,   15.83,  109.27,  104.02,   18.56,  220.95,   72.10,  264.62,   53.98,  198.48,   96.46,   11.86,  105.27,  317.94,  351.40,   23.19,   16.71,   29.95,   16.57,   50.52,   51.57,   10.80,   19.47,   13.52,   25.61,   13.75,   10.45,   20.85,   19.77,  291.60, 4343.15,  104.95,   11.00,   73.26,   62.75,  103.06,   16.73,  117.17,   34.44,
   39.72,   33.39,   69.77,  103.93,   81.46,  109.13,   28.44,   23.44,   44.44,   36.42,   15.83,  106.89,  104.38,   18.60,  220.95,   72.29,  263.20,   53.51,  200.89,   96.94,   11.63,  105.27,  313.60,  353.33,   23.09,   16.80,   30.23,   16.71,   50.71,   51.86,   10.85,   19.70,   13.66,   25.85,   13.85,   10.59,   21.08,   19.81,  298.54, 4377.58,  104.48,   10.90,   73.17,   63.41,  104.01,   16.83,  115.28,   34.40,
   39.37,   33.20,   70.60,  103.93,   81.36,  109.13,   28.87,   23.39,   44.78,   36.98,   15.74,  107.84,  105.56,   18.79,  221.91,   73.54,  264.62,   53.70,  199.93,   95.98,   11.77,  105.75,  319.39,  352.37,   23.14,   16.89,   30.18,   16.71,   51.00,   52.43,   10.85,   19.97,   13.86,   25.90,   13.85,   10.59,   21.32,   19.91,  295.30, 4549.73,  104.00,   11.00,   73.17,   64.54,  104.01,   16.87,  117.65,   35.29,
   39.32,   33.39,   70.23,  104.40,   81.83,  110.08,   28.72,   23.53,   45.31,   37.63,   15.93,  108.32,  108.05,   18.88,  221.91,   74.49,  264.62,   53.51,  199.93,   96.94,   11.86,  105.27,  319.39,  345.60,   23.14,   16.99,   30.09,   16.85,   51.67,   52.53,   10.94,   20.07,   13.90,   25.85,   13.89,   10.73,   21.37,   20.00,  291.13, 4569.41,  104.95,   11.46,   74.41,   63.88,  105.90,   16.97,  118.12,   35.53,
   39.54,   32.96,   69.77,  102.98,   80.52,  109.61,   28.58,   23.53,   45.11,   37.07,   15.74,  108.32,  104.61,   18.74,  219.02,   73.73,  266.03,   52.76,  202.34,   95.78,   11.81,  105.27,  318.42,  334.48,   22.99,   16.94,   30.09,   16.80,   51.47,   52.53,   10.90,   20.02,   14.00,   25.61,   13.80,   10.73,   21.23,   19.96,  292.52, 4471.03,  104.95,   11.23,   73.93,   63.97,  104.95,   16.97,  117.65,   35.53,
   39.19,   32.76,   68.84,  103.45,   80.05,  109.61,   27.95,   23.24,   45.11,   37.02,   16.12,  111.18,  103.55,   18.74,  218.05,   73.82,  265.09,   51.92,  201.38,   96.46,   11.81,  104.79,  320.83,  335.93,   22.99,   16.85,   29.82,   16.80,   51.38,   52.91,   10.90,   20.07,   13.95,   25.47,   13.71,   10.68,   21.23,   20.00,  292.06, 4475.95,  104.48,   11.28,   73.74,   63.88,  106.37,   16.87,  117.17,   35.53,
   39.10,   32.71,   69.30,  102.03,   80.33,  109.61,   28.05,   23.29,   45.98,   37.25,   16.17,  109.75,  103.90,   18.60,  220.95,   73.25,  265.09,   51.54,  199.93,   93.67,   11.86,  104.79,  312.63,  333.03,   22.85,   16.89,   29.63,   16.80,   51.19,   52.62,   10.76,   20.11,   13.95,   25.28,   13.62,   10.64,   20.99,   19.81,  293.91, 4367.74,  104.95,   11.37,   73.36,   63.41,  104.01,   16.87,  116.70,   35.10,
   39.94,   32.76,   68.56,  102.03,   80.89,  109.13,   28.10,   23.20,   45.64,   36.88,   17.75,  111.66,  104.02,   18.60,  223.84,   73.44,  265.56,   51.82,  199.93,   90.22,   11.81,  105.27,  309.25,  335.45,   22.80,   16.80,   29.86,   16.80,   51.67,   53.00,   10.71,   19.93,   13.90,   25.28,   13.62,   10.64,   21.23,   19.81,  295.30, 4653.02,  105.43,   11.37,   74.31,   62.84,  103.06,   16.83,  114.80,   35.10,
   39.45,   32.52,   67.44,  101.08,   79.29,  107.24,   27.52,   22.86,   44.87,   36.37,   17.37,  108.79,  101.30,   18.42,  218.54,   72.01,  265.56,   51.17,  198.96,   89.26,   11.81,  104.31,  303.95,  332.55,   22.60,   16.66,   29.36,   16.57,   50.61,   52.05,   10.57,   19.61,   13.43,   25.14,   13.34,   10.54,   20.80,   19.62,  290.21, 4544.81,  104.48,   11.14,   73.26,   62.65,  100.70,   16.69,  113.38,   34.87,
   39.76,   32.57,   69.02,  100.61,   79.67,  106.30,   28.53,   22.81,   44.44,   35.73,   17.90,  108.32,  100.70,   18.65,  222.88,   71.72,  264.14,   50.60,  199.44,   88.59,   11.99,  104.79,  303.95,  340.77,   23.38,   16.71,   29.82,   16.62,   51.38,   52.81,   10.61,   19.70,   13.57,   25.28,   13.43,   10.50,   21.04,   19.62,  289.75, 4515.30,  104.00,   11.18,   72.60,   62.37,  101.64,   16.59,  114.80,   34.35,
   38.53,   31.79,   69.11,  100.13,   77.97,  104.88,   27.47,   22.57,   43.34,   35.35,   17.47,  105.45,   98.33,   18.42,  217.09,   71.34,  262.73,   50.23,  196.55,   86.95,   11.68,  104.31,  301.05,  338.35,   22.70,   16.57,   29.26,   16.38,   50.71,   52.53,   10.47,   19.42,   13.23,   24.90,   13.29,   10.40,   20.51,   19.34,  298.08, 4279.21,  104.00,   10.81,   71.93,   61.52,   98.81,   16.45,  112.43,   34.11,
   39.32,   32.23,   70.60,  102.03,   79.48,  108.19,   27.95,   22.96,   43.77,   35.31,   17.32,  105.93,   98.33,   18.37,  218.05,   70.86,  263.67,   50.70,  197.51,   86.76,   11.99,  105.27,  299.12,  334.00,   22.99,   16.61,   29.59,   16.43,   51.38,   53.00,   10.52,   19.42,   13.33,   25.14,   13.39,   10.45,   20.75,   19.43,  299.00, 4333.31,  104.48,   11.00,   73.93,   63.13,   97.39,   16.50,  114.80,   33.45,
   39.32,   32.37,   71.63,  102.98,   79.29,  109.13,   27.76,   22.81,   43.43,   35.22,   16.94,  105.45,   97.98,   18.27,  218.54,   70.67,  263.20,   50.70,  196.55,   88.78,   11.77,  104.79,  301.05,  331.10,   22.89,   16.57,   29.40,   16.38,   51.57,   53.39,   10.52,   19.29,   13.33,   25.14,   13.39,   10.45,   20.61,   19.43,  309.19, 4421.85,  105.43,   10.58,   74.03,   62.18,   98.81,   16.55,  113.38,   33.78,
   39.19,   32.81,   71.35,  103.93,   79.67,  111.02,   27.81,   22.86,   43.34,   35.17,   17.08,  105.45,   97.50,   18.09,  219.50,   70.00,  259.42,   51.17,  195.10,   88.78,   11.50,  105.27,  299.61,  322.88,   22.80,   16.61,   29.26,   16.34,   51.38,   53.48,   10.47,   19.15,   13.43,   25.14,   13.29,   10.40,   20.75,   19.58,  306.41, 4298.88,  105.43,   10.44,   74.03,   61.24,   99.28,   16.55,  113.85,   33.36,
   39.28,   31.88,   71.35,  104.40,   80.05,  111.50,   28.39,   22.57,   43.24,   34.71,   17.08,  104.98,   96.56,   18.04,  218.00,   69.52,  258.95,   50.42,  193.65,   83.02,   11.41,  104.79,  299.12,  319.98,   22.85,   16.61,   29.45,   16.38,   50.90,   53.10,   10.71,   19.38,   13.28,   25.09,   13.34,   10.45,   20.66,   19.39,  310.11, 4367.74,  104.95,   10.48,   74.41,   60.11,   97.39,   16.55,  113.38,   33.17,
   38.40,   32.32,   71.44,  104.40,   80.42,  111.50,   27.76,   22.57,   42.85,   34.29,   16.89,  103.07,   95.96,   18.09,  214.50,   69.24,  260.84,   49.95,  192.68,   81.96,   11.28,  104.79,  286.10,  326.27,   22.70,   16.47,   29.26,   16.34,   50.90,   53.00,   10.76,   19.33,   13.19,   25.19,   13.29,   10.40,   20.66,   19.29,  323.07, 4451.36,  104.95,   10.34,   74.50,   58.51,   95.50,   16.50,  115.28,   32.93,
   37.78,   32.42,   72.09,  104.40,   80.52,  111.50,   27.76,   22.42,   42.85,   34.29,   16.89,  102.59,   95.85,   17.95,  213.00,   69.24,  261.31,   49.76,  191.72,   83.69,   11.32,  104.79,  286.10,  321.43,   22.70,   16.42,   29.59,   16.29,   50.50,   52.80,   10.57,   19.24,   13.14,   25.19,   13.29,   10.31,   20.80,   19.29,  315.20, 4289.05,  104.95,   10.30,   74.88,   58.41,   95.50,   16.45,  114.80,   32.60,
   37.26,   32.13,   69.77,  103.45,   79.57,  111.02,   27.47,   22.42,   42.90,   34.24,   16.27,  102.11,   95.37,   17.80,  212.00,   69.05,  260.84,   49.57,  188.82,   83.00,   11.19,  105.27,  286.58,  322.88,   22.99,   16.42,   29.31,   16.29,   50.50,   53.00,   10.52,   19.15,   13.19,   24.86,   13.25,   10.12,   20.66,   19.29,  315.67, 4289.05,  105.43,   10.11,   75.07,   57.38,   93.61,   16.45,  114.80,   32.56,
   37.21,   32.61,   72.00,  106.77,   82.12,  114.80,   27.86,   22.86,   44.06,   34.20,   16.27,  104.50,   98.57,   18.04,  216.50,   71.24,  263.20,   50.23,  194.13,   83.20,   11.46,  105.27,  289.47,  329.65,   23.19,   16.61,   29.54,   16.52,   51.10,   53.80,   10.57,   19.47,   13.33,   25.42,   13.29,   10.31,   20.85,   19.53,  319.83, 4416.93,  104.95,   10.20,   75.07,   59.07,   94.55,   16.64,  116.23,   33.41,
