1101,1102,1216,1301,1303,1326,1402,1722,2002,2105,2301,2303,2308,2311,2317,2324,2325,2330,2347,2353,2354,2357,2382,2408,2409,2412,2454,2498,2603,2801,2880,2881,2882,2883,2885,2886,2888,2890,2891,2892,2912,3045,3231,3481,4904,5854,6505,8046,9904
18.18,16.18,15.36,28.39,25.82,27.9,13.85,42.51,15.44,10.21,13.4,5.83,47.88,6.7,25.94,10.7,19.11,33.97,18.48,35.99,45.09,94.42,22.37,145.29,22.93,46.13,165.31,224.19,12.78,7.72,9.93,16.3,24.59,5.24,10.7,7.75,7.62,4.25,6.6,9.08,55.56,31.93,10.98,22.66,24.23,13.22,53.18,54.62,9.86
18.05,16.12,15.33,29.57,26.4,28.53,14.82,43.05,15.76,10.49,13.47,5.83,48.53,6.86,26.28,10.82,19.88,33.49,19.42,35.91,46.24,92.23,22.5,151.93,23.88,45.59,169.87,222.88,13.2,7.6,9.75,15.8,24.79,5.24,10.39,7.55,7.56,4.18,6.39,8.85,55.07,30.94,11.41,23.8,23.67,12.98,54.43,55.69,10.06
18.48,17.24,15.47,31.64,28.23,30.44,14.79,43.35,15.98,10.67,13.68,5.96,49.1,7.19,26.93,11.38,19.98,32.72,19.61,37.1,46.24,94.06,22.4,153.82,23.79,45.5,180.75,227.46,13.12,7.6,10.01,15.6,24.85,5.24,10.6,7.61,7.59,4.21,6.43,8.83,54.43,30.91,12.2,23.62,23.28,13.18,54.74,56.38,10.26
17.89,16.12,14.84,30.95,27.06,29.19,13.98,40.35,15.22,10.14,12.73,5.96,47.02,6.7,25.07,10.61,18.6,30.52,18.37,34.52,43.11,87.59,21.17,143.16,22.14,45.05,170.57,211.73,12.53,7.12,9.33,14.71,23.11,4.88,9.86,7.11,7.09,3.94,5.99,8.26,51.97,30.46,11.52,22,22.24,12.34,52.25,52.48,9.79
17.43,15.95,14.9,31.41,26.7,28.74,14.35,42.04,14.93,10.36,12.55,5.86,45.23,6.53,23.9,9.99,18.6,30.11,18.37,32.47,42.01,81.49,19.71,144.58,22.14,45.32,174.08,217.63,12.78,7.06,9.14,14.61,23.01,4.81,9.24,6.98,7.1,3.9,5.69,8.24,52.74,30.6,11.24,23.01,22.21,12.14,51.86,51.18,9.93
16.87,15.95,15.06,30.98,25.85,27.83,14.16,41.27,15,10.15,12.4,5.78,44.73,6.34,24.05,9.99,18.22,30.11,18.07,33.29,42.62,79.29,19.71,135.1,21.62,45.77,172.68,213.04,12.48,7,9.06,14.21,22.75,4.74,9.03,6.78,7.03,3.86,5.6,8.24,53.38,31.25,11.06,21.87,22.24,12.22,51,50.19,9.86
16.44,15.46,14.9,31.54,25.67,27.87,14.1,40.19,15.09,10.32,12.27,5.8,45.45,6.48,23.79,9.93,18.86,30.59,17.78,33.29,42.07,74.66,19.01,131.54,20.58,46.49,176.19,213.37,12.4,6.94,8.85,13.65,22.26,4.72,8.61,7.05,7.03,3.74,5.23,8.03,54.15,31.31,11.35,21.83,22.5,12.1,50.69,50.04,10.03
15.98,15.2,15.01,31.54,26.04,28.11,14.69,40.73,15.19,10.06,12.52,5.81,46.09,6.51,24.54,10.05,19.15,32.17,18.34,34.03,44.26,76.12,19.14,130.36,21.28,46.85,185.31,217.3,12.57,7.06,9.17,13.92,22.95,4.83,8.78,7.21,7.11,3.8,5.43,8.13,54.15,31.93,11.24,23.32,22.57,12.3,50.53,51.11,10.06
16.67,15.14,15.06,31.05,25.82,27.8,14.72,42.43,15.06,10.06,13.37,5.78,45.16,6.75,24.2,10.33,18.44,31.58,18.8,33.54,43.55,76.85,20.28,139.37,21.71,46.4,174.08,214.35,12.48,7.12,9.14,14.38,22.98,4.82,8.92,7.11,7.29,3.82,5.57,8.26,55.77,31.48,11.55,23.8,22.6,12.42,49.91,50.88,9.96
15.98,14.63,14.63,29.83,24.5,26.3,13.73,40.73,14.45,9.4,12.52,5.43,43.23,6.37,23.26,10.14,17.36,30.11,18.24,32.43,41.08,75.02,19.46,129.65,20.45,45.86,164.96,205.18,12.06,6.8,8.56,13.39,21.7,4.49,8.33,6.64,6.85,3.56,5.2,7.7,54.15,30.63,10.78,22.35,21.66,11.91,47.18,48.59,9.79
16.05,14.63,14.63,29.67,24.43,25.99,13.54,41.89,14.8,9.31,12.79,5.47,43.23,6.51,23.52,10.61,16.98,30.63,19.48,33.05,41.79,75.39,19.65,130.83,21.19,46.13,168.82,207.14,12.06,6.74,8.59,13.45,21.7,4.43,8.3,6.56,6.76,3.52,5.18,7.67,55.07,30.77,10.47,23.19,21.46,11.95,46.01,48.59,9.79
16.18,14.63,14.68,30.43,24.72,26.34,13.33,41.27,14.84,8.81,12.58,5.43,43.3,6.53,23.3,10.42,17.1,30.44,19.58,33.09,39.49,73.32,19.77,132.26,21.28,46.13,166.71,207.8,11.85,6.8,8.67,13.52,22.1,4.49,8.4,6.71,6.86,3.58,5.36,7.75,54.43,30.87,10.54,22.75,21.46,12.03,47.26,48.97,9.86
15.82,14.23,14.68,31.18,24.5,26.1,13.29,41.97,14.71,9.2,12.24,5.42,43.3,6.34,23.41,10.58,17.1,30.11,20.18,34.19,39.16,73.8,19.68,138.89,21.49,46.04,175.49,211.4,11.89,6.71,8.56,13.69,22.39,4.47,8.71,6.68,6.76,3.49,5.36,7.65,54.15,31.72,10.56,22.88,21.33,11.91,46.16,50.27,9.83
14.73,13.51,14.22,30.43,24.14,25.4,12.74,42.43,14.36,8.63,11.79,5.25,40.51,5.93,22.88,10.24,16.53,29.08,19.77,33.74,38.06,73.19,19.05,133.2,20.45,46.04,171.27,205.83,11.34,6.38,8.35,13.32,21.51,4.34,8.3,6.4,6.46,3.32,5.09,7.26,54.5,31.59,10.18,21.92,20.68,11.39,44.37,48.89,9.73
14.7,13.54,14.11,31.25,24.21,25.16,12.98,41.73,14.42,8.66,12.37,5.4,37.72,5.9,22.31,10.45,16.59,29.52,20.2,34.15,37.4,73.8,20.03,133.2,20.02,46.04,168.47,207.8,11.34,6.29,8.3,13.35,21.08,4.26,8.5,6.53,6.55,3.31,5.09,7.24,55.77,31.96,10.23,22.09,21.01,11.55,44.45,47.9,9.66
15.72,14.02,13.63,31.54,24.03,26.9,13.01,43.05,14.42,8.46,12.85,5.29,36.29,6.12,22.5,10.33,16.63,30.7,19.31,34.32,38.94,71.97,21.17,142.45,20.23,45.86,176.89,211.08,11.26,6.08,8.11,12.96,20.13,4.14,8.05,6.51,6.34,3.22,4.83,7.18,54.36,30.57,10.21,23.62,20.55,11.27,43.43,46.22,9.12
16.8,14.86,14.14,31.54,24.32,27.07,13.23,43.43,14.68,9.05,12.92,5.6,37.08,6.53,22.99,10.82,17.23,31.47,20.2,35.01,39.82,74.66,21.45,151.22,21.32,45.95,175.49,218.29,11.47,6.23,8.4,13.59,20.56,4.27,8.4,6.58,6.68,3.26,5.09,7.47,54.78,30.6,10.65,24.63,20.81,11.59,44.29,47.14,9.22
17.3,14.91,14.93,31.15,24.39,26.79,13.23,43.28,14.71,9.27,12.95,5.73,39.37,6.48,23.07,11.26,18.13,31.51,20.5,35.05,39.98,74.41,21.71,145.77,22.14,46.22,172.68,221.56,11.26,6.2,8.48,13.75,20.06,4.37,8.64,6.52,6.5,3.26,5.06,7.29,55.56,30.63,10.89,24.37,20.91,11.51,44.84,46.6,9.39
17.1,15.09,14.57,30.62,24.36,26.3,13.51,43.51,15,9.49,12.67,5.71,39.08,6.48,22.88,11.41,18.51,31.14,20.07,35.17,39.1,74.66,22.18,147.66,21.84,45.77,172.68,206.49,11.64,6.11,8.4,13.75,20,4.26,8.57,6.54,6.56,3.26,4.97,7.21,56.26,30.12,10.58,24.32,20.42,11.39,44.29,47.36,9.56
17.69,15.86,14.68,31.08,24.87,26.65,13.88,46.29,15.44,9.49,13.04,5.86,38.51,6.59,24.01,11.54,18.48,32.83,19.88,35.38,40.47,75.88,22.66,154.3,23.36,46.04,179.35,216.32,11.51,6.14,8.67,13.88,20.49,4.3,8.57,6.91,6.66,3.3,5.11,7.24,55.56,30.74,10.93,25.5,20.58,11.55,44.84,48.13,9.96
17.23,15.37,14.71,31.41,25.05,26.93,13.73,46.29,15.16,9.38,12.85,5.92,38.08,6.62,24.35,11.44,19.15,33.42,19.75,37.22,40.69,76.37,22.5,149.56,24.14,45.77,191.63,231.4,11.17,6.08,8.53,13.65,20.2,4.26,8.5,7.01,6.62,3.23,4.88,7.06,54.71,30.6,11.63,24.94,20.58,11.35,45.23,48.89,9.89
17.39,15.32,14.46,31.74,25.12,27.03,13.79,45.9,15.16,9.8,13.07,5.92,39.22,6.48,24.17,11.63,18.54,32.94,21.12,37.55,41.19,75.63,22.5,159.99,24.06,45.86,193.03,239.92,11.38,6.11,8.46,14.15,20.33,4.26,8.92,6.91,6.76,3.27,4.97,7.16,54.85,30.57,11.85,26.25,20.68,11.43,46.16,48.51,9.89
17.76,15.2,14.25,32.17,25.45,27.1,13.98,45.44,15.06,9.88,12.85,6.06,39.8,6.7,24.39,11.78,19.78,33.82,21.82,37.75,44.04,75.76,22.5,170.18,23.71,46.04,198.65,255.32,11.13,6.14,8.53,14.21,20.62,4.22,8.92,6.95,6.81,3.27,4.97,7.11,54.85,30.87,12.07,27.08,20.62,11.47,46.63,49.66,9.83
17.13,14.91,13.71,31.15,24.61,26.34,13.11,43.74,14.77,9.86,12.52,6.06,38.29,6.7,23.33,11.16,18.83,33.31,20.5,37.79,41.46,75.63,22.25,162.36,22.58,45.77,191.28,243.2,11.09,6.05,8.24,13.78,20.36,4.14,8.61,6.68,6.78,3.29,4.92,6.95,54.15,30.7,11.63,25.2,20.45,11.11,46.4,50.04,9.66
17.95,15.2,14.22,31.67,25.23,26.96,13.76,44.43,15.03,10.45,12.98,6.44,40.65,6.86,23.94,11.78,18.99,33.75,21.88,40.25,44.26,80.88,23.07,167.1,23.62,46.22,204.26,258.93,11.34,6.23,8.59,14.08,21.11,4.23,8.89,6.91,6.93,3.4,5.06,7.13,54.15,30.97,12.07,25.99,20.68,11.39,46.94,51.34,9.76
17.99,15.32,14.14,31.54,24.76,26.65,13.6,44.51,14.74,10.85,12.79,6.4,40.08,6.84,25.04,12.06,19.18,33.67,21.85,38.32,45.42,81.37,23.45,162.36,23.01,45.86,203.56,255.65,11.3,6.14,8.4,13.82,21.05,4.15,8.82,6.74,6.78,3.4,4.97,7.03,53.87,30.87,11.85,25.68,20.65,11.47,47.02,52.1,10.06
17.56,15,14.36,31.67,24.65,26.1,13.05,43.12,14.68,10.49,12.55,6.06,38.72,6.81,24.17,11.75,18.64,32.17,20.96,35.91,42.95,78.44,22.88,151.22,22.8,46.13,193.74,244.18,11.26,6.05,8.24,13.35,20.49,4.15,8.71,6.56,6.68,3.37,4.88,6.85,53.17,30.87,11.35,25.11,20.55,11.27,46.94,50.11,9.86
17.36,15.09,14.79,31.61,24.76,25.89,12.86,42.12,14.39,10.21,12.73,5.96,39.72,6.59,24.35,11.78,18.89,32.76,20.61,37.22,42.95,79.54,22.5,150.51,22.58,46.4,198.3,244.18,11.21,5.97,8.43,13.45,20.13,4.25,8.75,6.58,6.69,3.36,4.78,6.67,53.24,30.91,11.59,24.85,20.58,11.11,47.18,49.66,9.96
17.69,15.11,14.63,31.54,24.76,25.64,12.95,42.27,14.39,10.23,12.43,5.92,39.08,6.73,24.88,11.57,18.51,33.34,21.42,38.04,43.61,82.22,22.5,150.51,23.23,46.67,202.16,251.06,11.3,5.89,8.51,13.32,20.2,4.17,8.71,6.48,6.63,3.37,4.67,6.59,53.66,31.14,11.77,26.07,20.68,11.07,46.01,49.89,10.26
16.9,14.91,14.63,30.95,24.25,25.05,13.11,41.66,14.2,10.12,12.21,5.63,38.44,6.7,24.51,11.13,18.13,32.24,20.82,36.65,42.56,81.73,22.18,154.54,22.14,46.58,197.25,242.54,11.09,5.83,8.19,12.99,19.74,4.13,8.37,6.34,6.42,3.26,4.62,6.59,52.88,30.74,11.5,25.11,20.58,10.95,44.76,48.89,9.79
17.36,15.14,14.65,31.21,24.65,24.88,13.33,41.73,14.17,10.3,12.27,5.77,38.51,6.86,24.96,11.54,18.96,33.05,20.99,37.22,44.21,82.71,22.82,163.54,21.97,47.03,204.62,250.41,11.09,5.71,8.3,12.3,19.11,4.13,8.26,6.28,6.31,3.28,4.57,6.34,52.74,30.67,11.85,25.46,20.68,10.83,44.6,49.27,10.1
17.16,14.91,14.49,30.75,24.14,24.04,12.58,40.89,14.1,10.26,12.03,5.59,38.08,6.59,24.92,11.13,18.32,32.32,20.88,36.81,43.71,80.51,22.59,158.09,22.14,47.21,204.97,246.15,11.09,5.65,8.19,12.33,18.88,4.13,8.23,6.22,6.21,3.26,4.64,6.47,52.04,30.67,11.7,25.07,20.55,10.99,43.9,48.74,9.93
17.23,14.94,14.22,31.02,24.47,24.63,12.8,41.66,14.17,10.52,12.37,5.76,38.86,6.7,25.56,11.75,18.76,32.83,20.88,37.01,43.11,79.54,22.59,155.25,22.45,47.75,204.26,245.49,11.13,6.02,8.64,12.76,19.11,4.3,8.75,6.6,6.35,3.47,4.97,6.9,51.97,31.08,11.68,25.07,20.75,11.67,44.45,49.12,10.13
17.33,15,14.28,31.28,24.61,24.63,12.98,40.96,14.33,10.72,12.55,5.88,39.37,6.81,25.83,12.06,18.99,33.05,21.26,38.41,43.93,79.9,22.78,151.45,22.1,48.2,204.97,248.11,11.13,5.94,8.64,12.5,18.69,4.34,8.75,6.46,6.34,3.47,4.92,7.13,51.97,31.28,11.7,25.29,21.17,11.59,44.84,50.42,9.99
17.23,14.97,14.14,31.35,24.39,24.53,12.98,41.35,14.26,10.74,12.64,5.8,39.87,6.7,26.36,12.49,19.24,33.01,21.69,37.96,44.48,81.61,22.63,151.93,22.58,48.56,213.39,252.37,11.26,6.05,8.9,12.5,18.39,4.4,8.89,6.42,6.09,3.47,4.95,7.21,51.76,31.01,11.74,26.2,22.08,11.59,44.84,53.55,10.13
16.44,14.11,13.6,30.56,23.33,23.94,12.39,39.11,13.97,10.15,12.21,5.77,38.22,6.56,25.68,12,18.51,32.87,20.93,36.81,42.73,78.32,22.34,142.21,21.06,49.46,204.26,246.47,10.96,5.72,8.3,11.64,17.11,4.14,8.3,5.97,5.66,3.26,4.61,6.72,50,31.35,11.06,24.85,21.36,10.95,44.06,51.57,9.73
16.64,13.82,13.19,30.59,22.97,23.45,12.08,38.96,13.85,9.97,12.4,5.8,38.58,6.59,25.75,12.56,19.15,32.76,21.04,36.69,43.88,77.95,22.12,141.74,21.71,49.46,206.72,247.78,10.62,5.74,8.51,11.21,16.43,4.14,8.37,6.02,5.69,3.26,4.76,6.93,49.23,32.23,11.44,24.76,21.98,11.03,43.9,55.16,9.89
17.3,14.6,13.33,30.95,23.29,23.83,12.24,39.88,14.04,10.65,12.58,6.08,39.29,7.03,27.19,12.9,20.49,33.78,22.5,36.97,44.04,80.64,22.88,150.74,22.32,49.46,210.93,250.73,10.66,5.76,8.51,11.11,16.59,4.14,8.4,6.08,5.79,3.3,4.74,6.95,49.65,32.3,11.77,25.55,22.01,11.11,44.6,58.98,9.99
18.02,15.49,13.57,31.81,24.03,24.42,12.64,40.27,14.26,10.78,13.43,6.3,39.58,7.5,28.55,13.24,21.03,34.22,23.52,39.1,44.54,82.1,22.94,151.69,22.84,49.46,209.18,256.31,10.96,6.02,8.64,11.54,17.02,4.23,8.96,6.34,5.91,3.43,4.76,7.11,50.63,32.16,12.12,25.59,21.95,11.39,44.99,60.5,10.67
17.76,15.23,13.25,31.87,24.21,24.49,12.42,39.81,14.01,10.56,13.62,6.27,39.72,8.02,28.51,13.48,21.7,35.62,23.2,38.94,46.13,81.61,23.32,142.92,22.58,49.46,209.18,257.29,10.92,5.94,8.46,11.44,16.59,4.23,8.92,6.29,5.83,3.4,4.67,6.98,49.86,32.64,12.14,26.25,21.98,11.19,44.29,62.26,10.36
17.72,15.86,13.54,32.4,24.68,24.98,12.39,38.96,13.4,11.29,13.74,6.67,38.86,8.07,26.55,13.21,21.76,35.44,23.85,38.57,43.39,82.71,22.82,137.94,22.45,49.46,204.97,246.47,11.64,5.82,8.35,11.17,15.77,4.35,8.92,6.31,5.62,3.39,4.67,6.83,48.88,32.64,11.98,25.59,22.01,11.07,44.45,59.59,10.77
17.69,15.75,13.54,32.46,25.38,25.61,12.95,40.35,13.66,11.26,14.08,6.77,38.79,8.13,25.72,14.1,21.89,34.63,24.82,38.77,44.1,85.15,23.83,141.26,22.19,49.46,205.67,245.82,11.85,5.89,8.48,11.64,15.97,4.42,8.92,6.56,5.76,3.42,4.83,6.88,48.52,33.32,12.82,25.72,22.05,11.27,44.92,60.35,11.4
17.89,16.4,13.71,34.63,27.13,27.14,13.29,41.58,13.72,11.41,13.74,7.04,39.44,7.96,25.75,14.78,21.6,35.77,24.01,38.04,43.5,84.54,24.72,137.94,21.71,49.46,209.88,246.47,11.64,6.05,8.61,12.03,16.85,4.44,9.52,6.78,6.15,3.51,5.16,7.26,50.14,33.32,13.7,27.52,22.11,11.59,47.1,60.89,11.34
17.69,16.35,13.84,34.37,27.13,26.79,13.11,41.12,13.4,11.41,13.92,7.31,39.01,8.18,25.91,14.13,22.02,35.44,23.74,38.2,44.1,83.69,24.72,137.94,21.71,49.46,212.69,251.72,11.51,5.94,8.51,11.57,16.43,4.43,9.45,6.71,6.17,3.45,4.99,7.11,52.6,32.95,13.87,27.3,21.98,11.35,46.48,61.88,11.2
18.22,16.35,14.46,34.96,28.3,27.17,13.79,42.12,13.78,11.63,14.72,7.54,40.37,8.68,26.85,14.35,22.88,36.35,24.33,39.31,45.75,86.37,25.6,141.97,23.23,49.46,214.79,269.09,11.81,6.17,8.96,11.97,17.21,4.61,10.07,6.95,6.6,3.6,5.11,7.39,54.85,32.84,13.65,28.7,22.31,11.67,48.11,66.16,11.97
18.94,16.66,14.52,35.49,28.6,27.42,14.54,42.12,14.04,11.94,14.66,7.39,40.15,8.48,26.96,14.29,22.31,36.72,24.09,39.51,45.86,87.59,25.41,143.87,23.88,49.46,214.44,271.06,12.02,6.29,9.3,12.13,17.31,4.68,10.53,7.18,6.82,3.67,5.3,7.57,55.91,32.98,14.09,29.14,22.44,11.83,49.52,67,12.24
18.87,16.84,14.68,36.27,28.93,28.15,15.28,45.05,14.23,11.92,14.75,7.31,41.16,8.4,27.87,14.23,22.05,36.72,23.98,39.59,49.04,87.47,25.54,148.85,23.71,49.46,217.95,277.28,11.89,6.68,9.51,12.56,17.8,4.72,10.46,7.51,6.87,3.76,5.64,7.75,55.91,33.01,14.55,29.53,23.28,12.03,51.78,65.39,12.31
18.61,17.09,14.49,35.75,29.22,28.53,15.03,45.44,14.04,11.88,15.21,7.37,42.16,8.4,27.72,14.57,21.76,37.02,24.06,39.76,50.52,88.44,24.88,152.64,24.23,49.46,215.14,275.64,11.85,6.5,9.35,12.76,18,4.74,10.46,7.55,6.8,3.73,5.69,7.57,54.85,33.32,15.37,28.87,23.22,11.95,52.17,65.39,11.87
18.41,16.81,15.06,34.89,28.38,28.6,15.16,47.91,14.17,11.7,14.66,7.18,42.59,8.24,27.46,14.23,22.02,36.13,24.01,40.9,49.26,87.59,24.46,149.08,24.75,49.46,216.2,285.48,12.1,6.53,9.35,12.99,18.98,4.71,10.84,7.45,6.99,3.8,5.85,7.67,54.71,33.97,14.71,28.17,23.12,12.03,50.53,65.62,11.71
18.12,16.18,15.03,35.22,28.38,28.63,14.6,48.21,14.55,11.9,14.05,6.82,41.87,8.1,27.23,13.42,21.25,35.03,23.76,39.67,47.5,85.39,24.72,146.48,23.88,50.82,211.28,281.22,12.19,6.35,9.19,12.89,18.46,4.57,10.46,7.15,6.66,3.65,5.48,7.44,54.85,34,13.96,27.12,22.8,11.71,50.76,66.54,11.54
18.74,16.63,15.25,36.41,29.51,29.37,15.16,51.53,14.68,12.34,14.63,7.29,44.73,8.65,28.17,14.35,21.86,36.94,24.49,40.9,49.81,87.83,25.73,149.79,24.58,50.28,216.2,283.84,12.27,6.56,9.49,13.06,19.15,4.71,11.05,7.61,6.9,3.76,5.6,7.65,55.42,34,14.93,28.44,23.02,11.99,51.62,70.28,12.34
19.53,17.47,15.14,36.41,30.21,29.89,15.87,54.39,15.22,12.56,14.78,7.8,45.95,9.17,28.4,14.97,22.11,38.48,24.49,41.15,49.43,90.52,26.81,151.45,24.66,49.34,225.32,281.22,13.12,6.77,9.72,13.49,19.21,4.87,11.71,8.08,7.38,3.9,5.67,7.95,54.5,34.07,15.96,29,23.09,12.3,52.79,68.83,12.61
19.6,17.47,15.06,36.34,30.54,30.34,16.43,56.24,15.38,12.64,15.3,8.32,46.17,9.72,29.99,15.12,22.98,38.34,24.95,41.72,51.51,92.71,27.82,161.88,25.05,49.27,238.31,285.48,13.03,6.77,9.75,13.55,19.41,4.9,11.85,8.11,7.71,3.92,5.76,7.93,54.92,34.2,16.2,30.49,23.09,12.22,53.57,69.29,12.78
19.17,17.84,15.52,36.08,30.54,30.03,16.43,54,15.09,12.21,15.08,8.87,45.59,10.16,29.95,14.63,23.9,37.97,25.36,41.72,51.02,92.96,27.89,173.02,25.49,49.11,234.1,287.12,12.99,6.97,9.86,13.85,19.7,5.06,11.85,8.28,8.24,4.09,5.9,8.39,54.36,34,15.8,30.54,22.63,12.78,54.59,69.21,12.75
18.94,17.27,15.17,35.49,29.51,28.77,16.25,54.15,15,11.99,14.66,8.65,46.52,9.72,29.57,14.41,23.36,38.12,24.66,41.72,50.69,91.25,27.44,185.11,25.97,48.49,227.43,283.18,13.08,7.12,9.72,14.15,20.46,5.16,11.96,8.35,8.79,4.19,6.22,8.31,54.36,34,15.63,30.4,22.76,12.78,54.59,70.66,12.58
18.12,16.95,14.71,34.5,28.78,28.08,15.87,51.76,14.49,11.9,14.02,8.24,44.81,9.06,28.48,14.57,22.47,38.19,23.63,40.9,48.33,87.59,27.13,197.44,24.92,47.72,220.06,272.69,12.19,6.65,9.22,13.29,19.05,4.85,11.12,7.88,8.18,3.98,5.81,7.75,53.66,33.32,15.72,28.48,22.5,12.1,52.87,66.31,12.01
18.38,16.86,14.9,33.58,28.38,27.83,16.4,53.61,14.17,12.09,13.98,8.21,44.66,9.03,29.01,15.03,22.78,37.75,23.12,41.72,49.37,86.98,27.16,183.69,24.36,48.03,223.92,273.35,12.06,6.77,9.41,13.52,19.11,4.97,10.81,8.11,8.24,4.01,5.76,8.03,54.64,33.42,16.05,28.92,22.7,12.5,52.32,66.39,12.51
19.33,17.47,15.01,34.11,28.6,28.39,16.77,56.85,14.33,12.91,14.5,8.39,45.02,9.53,29.12,15.09,23.23,37.24,23.68,43.35,49.32,88.2,27.85,196.49,24.75,47.4,221.46,278.59,12.65,7.09,9.64,13.95,19.77,5.13,11.22,8.15,8.66,4.11,6.08,8.31,55.35,33.01,17.01,29.49,22.57,12.86,51.93,67.07,12.81
19.89,18.64,16.04,35.42,30.35,29.82,17.39,57.39,14.74,13.82,14.93,8.36,45.31,9.45,29.5,15.25,24.83,38.48,24.14,45.4,50.31,89.54,28.14,188.43,25.57,47.25,223.92,283.18,13.29,7.57,10.09,14.91,21.05,5.36,11.99,8.58,9.26,4.38,6.46,8.7,56.61,33.01,16.97,29.66,22.76,13.34,54.12,68.22,13.08
20.42,19.5,16.69,34.89,30.32,29.71,17.46,57.09,14.93,14.42,14.72,8.43,45.81,9.5,29.88,15,25.21,38.63,23.63,44.75,50.36,92.23,28.05,187.95,25.18,47.25,224.97,285.15,13.29,7.81,10.09,15.93,22.2,5.53,12.55,9.15,9.55,4.6,6.9,9.16,55.56,33.56,16.81,29.75,22.44,13.57,53.42,67.61,12.75
20.52,19.5,16.85,35.22,30.72,29.92,17.95,56.7,15.06,14.37,14.78,7.99,45.81,9.45,29.99,16.02,25.15,38.48,24.28,44.99,50.96,93.93,27.76,176.1,26.23,48.34,213.04,271.38,13.29,8.01,10.09,16.69,22.46,5.77,12.06,9.78,9.51,4.81,7.2,9.06,54.85,33.97,16.86,30.97,22.54,13.53,53.34,68.22,13.15
20.19,18.81,16.98,35.49,30.72,30.58,16.93,55.39,14.74,14.15,14.66,8.21,45.81,9.42,31.09,15.8,25.18,38.26,24.98,45.48,51.35,94.18,27.41,186.77,25.84,48.72,213.74,263.52,14.18,7.92,10.01,16.53,22.2,5.77,12.2,9.98,9.38,4.75,7.06,8.88,54.36,33.86,16.46,30.62,22.67,13.37,53.18,69.75,13.18
19.79,18.07,16.52,35.95,30.35,31.31,16.09,53.85,14.55,13.8,14.23,7.84,43.37,9.01,29.91,15.49,24.64,36.87,25.09,45.64,49.7,90.4,26.81,185.11,25.18,48.26,206.02,262.21,13.54,7.45,9.62,15.57,20.82,5.44,11.36,9.32,8.75,4.52,6.57,8.39,53.73,33.49,16.51,29.57,22.11,12.78,52.95,69.75,12.58
21.11,18.64,17.34,36.8,31.34,33.33,17.21,56.39,14.87,14.2,15.21,8.36,44.52,9.47,30.67,16.02,25.91,38.48,26.03,48.43,50.63,93.32,27.47,195.78,26.4,48.57,220.41,272.04,13.92,7.95,10.04,16.63,22.26,5.74,12.03,9.78,9.34,4.84,6.71,8.96,55.21,34.07,17.38,30.62,22.34,13.49,54.74,70.74,13.08
22.33,19.16,17.23,37.46,32.04,34.1,17.58,56.47,15.89,14.44,15.94,8.36,45.66,9.42,30.82,16.08,26.1,38.93,25.68,48.84,50.31,95.15,27.63,190.09,28.14,48.26,216.9,271.38,14.09,8.16,10.2,17.52,23.28,5.75,12.16,10.35,9.47,5.17,6.76,8.9,55.56,34.2,17.12,31.19,22.5,13.61,58.09,70.44,13.01
22.62,19.45,17.77,37.46,32.4,34.13,17.92,58.78,16.62,15.08,16.64,8.32,46.81,9.25,32.45,16.02,25.59,38.7,25.55,48.75,53.82,95.4,27.47,193.64,28.87,49.03,219.01,272.69,14.56,8.16,10.09,17.49,23.24,5.78,12.13,10.52,9.47,5.29,6.85,8.96,56.05,34.2,17.36,33.34,22.7,13.65,58.48,71.05,12.91
22.75,19.16,17.63,37.26,32.22,33.92,18.33,58.47,16.56,14.94,16.61,8.65,46.81,9.56,34.41,16.39,25.15,38.56,25.46,48.18,54.37,101.98,27.13,204.07,28.57,48.57,227.08,270.07,14.98,8.19,10.07,17.26,23.38,5.72,12.34,10.22,9.51,5.23,7.15,9.11,55.7,34.07,17.6,34.08,22.54,13.73,58.48,71.35,12.88
22.69,18.93,17.77,37.13,31.41,33.54,17.98,60.56,16.97,14.9,16.79,8.69,47.95,9.47,33.54,16.67,24.06,38.19,25.79,47.94,53.38,104.91,27.73,198.15,27.62,47.87,222.52,272.69,15.62,8.1,9.96,17.12,23.31,5.64,12.76,9.95,9.38,5.17,7.15,9.16,55.56,34.07,18,33.47,22.47,13.57,57.63,69.29,12.71
23.35,19.39,17.93,37.46,31.71,34.38,19.23,59.09,17.93,14.83,16.82,8.84,47.95,9.39,33.85,17.5,23.55,37.68,26.65,50.47,53.71,109.79,28.2,211.89,28.22,48.26,226.73,289.74,16.25,8.55,10.3,18.05,24.92,6.03,13.04,10.42,9.97,5.53,7.64,9.78,54.85,34.27,18.66,34.03,23.19,14.25,59.26,69.9,13.35
21.73,18.76,16.88,36.87,30.94,33.12,18.7,55.16,16.69,13.8,15.66,9.17,45.23,9.01,34,17.23,23.68,37.02,25.09,47.94,51.24,102.47,27.89,198.15,27.79,47.25,218.3,273.35,15.57,7.95,9.7,16.79,23.41,5.83,12.51,9.72,9.3,5.17,7.13,9.16,54.29,33.83,17.43,31.67,23.48,13.49,58.8,69.67,13.01
21.21,19.1,17.07,37.33,31.6,33.75,18.51,55.08,16.11,14.75,15.69,9.09,46.52,8.9,34.79,17.1,24.25,38.12,25.46,49,51.35,102.72,28.84,184.4,28.96,47.48,224.27,278.59,15.02,7.92,9.78,16.59,24.13,5.94,12.55,9.35,9.13,5.14,7.29,9.52,53.73,33.97,17.1,32.72,23.54,13.57,58.72,68.3,12.85
22.06,19.5,17.5,37.72,31.96,34.41,18.7,56.31,16.72,15.03,16.12,9.21,46.88,9.06,34.79,17.32,24.28,37.9,25.79,48.67,51.62,105.4,28.84,185.35,30.39,47.4,223.22,278.59,15.11,8.01,9.72,17.02,24.79,5.99,12.55,9.35,9.55,4.99,7.34,9.55,55.21,34.2,17.78,34.25,23.41,13.73,58.09,69.37,12.98
22.36,20.28,18.04,37.19,31.6,34.17,18.92,55.54,16.27,16.08,15.79,9.69,46.17,9.39,34.64,17.13,24.12,37.24,26,49.73,50.69,103.69,29.79,198.15,29.87,46.78,219.71,277.28,14.64,7.83,9.64,16.63,24.26,5.97,12.97,9.15,9.3,4.88,7.34,9.37,54.64,33.69,18.31,33.99,22.83,13.89,57.7,71.43,13.01
22,20.08,17.69,37.46,31.45,34.24,18.7,54.85,16.08,16.7,15.76,9.28,47.17,9.45,34.38,17.01,24.83,37.68,25.63,49.33,50.31,103.45,29.6,211.89,30.61,46.78,218.3,273.68,14.56,7.72,9.51,16.26,23.61,5.81,12.72,9.28,9.17,4.82,7.06,9.13,54.01,33.8,18.22,34.38,22.86,13.69,56.92,70.05,12.75
21.54,19.5,17.39,36.87,30.94,34.62,18.85,56.78,16.02,16.59,15.79,9.06,48.96,9.64,34.38,16.64,24.64,37.09,25.57,50.31,50.31,103.94,29.47,198.86,30.39,46.16,221.11,272.04,14.98,7.75,9.46,16.79,23.97,5.79,13.24,9.05,9.3,4.99,7.04,9.26,53.52,34,18.37,34.03,22.76,13.77,57,69.75,12.91
20.91,19.3,16.58,36.01,29.99,34.27,18.85,55.23,15.57,16.37,15.48,8.58,48.1,9.12,33.36,16.33,24.22,37.09,24.2,49.49,48.11,104.91,29.79,185.11,28.74,45.39,223.22,273.02,14.01,7.36,9.25,15.87,22.62,5.58,12.76,8.51,8.75,4.73,6.55,8.62,53.03,33.76,17.25,31.76,22.28,13.22,56.38,66.08,12.51
19.66,18.01,15.77,35.49,29.4,33.78,18.36,54.15,15.31,16,15.08,8.28,49.03,9.06,33.24,16.08,24.25,37.46,24.17,48.51,46.52,101.5,29.5,172.31,27.62,45.47,230.24,276.63,13.03,7.27,9.19,15.77,22.65,5.66,12.41,8.25,8.41,4.75,6.41,8.21,52.88,33.46,16.95,31.32,22.57,12.94,55.21,65.32,12.07
19.43,18.3,16.85,35.81,29.95,34.24,17.92,54.69,15.28,17.11,15.14,8.58,48.31,9.14,33.81,16.27,24.76,37.9,24.22,48.43,46.74,100.03,29.28,164.96,27.83,47.56,226.03,274.66,13.08,7.42,9.3,15.9,22.72,5.83,12.65,8.38,8.49,4.84,6.6,8.42,52.39,34,17.21,29.92,22.89,13.34,56.07,66.08,12.34
20.78,19.56,18.01,38.31,32.04,36.6,19.16,58.47,16.34,18.3,16.18,9.17,51.68,9.77,36.15,17.38,26.49,40.54,25.9,51.78,49.98,106.99,31.31,176.34,29.74,48.88,241.82,293.67,13.97,7.92,9.93,16.99,24.29,6.23,13.52,8.95,9.09,5.17,7.04,8.98,55.91,35.43,18.39,31.98,24.49,14.25,59.97,70.66,13.18
22.23,20.91,19.26,40.94,34.27,39.11,20.5,62.56,17.17,19.57,16.73,9.8,55.26,10.43,38.57,18.49,28.34,43.33,27.14,55.38,53.44,114.43,33.46,178.24,31.78,48.72,258.67,313.99,14.94,8.46,10.62,18.15,25.97,6.67,14.46,9.55,9.72,5.52,7.52,9.6,59.78,36.04,19.67,34.21,25.79,15.24,64.1,71.05,14.09
23.67,21.97,19.67,41.53,34.59,39.39,21.93,66.88,16.65,18.69,15.88,10.35,57.9,10.96,41.22,18.46,28.88,42.6,26.6,53.01,52.23,110.89,34.29,165.91,32.96,47.87,276.56,304.81,15.15,8.64,10.3,19.4,27.77,6.73,15.48,10.15,10.35,5.91,8.04,10.06,57.32,36.04,19.43,34.56,24.29,15.2,64.25,72.42,13.92
24,22.08,20.86,42.71,35.36,39.8,22.43,71.51,16.97,19.13,16.15,11.05,57.76,11.48,43.87,19.7,29.36,42.23,28.43,53.09,53.05,116.14,34.86,154.3,33.17,48.34,284.29,302.19,16.21,8.73,10.33,20.76,29.67,6.81,16.56,10.32,10.52,6.3,8.59,10.16,59.35,36.38,20.77,36.97,24.97,15.48,64.25,72.96,14.89
22.82,20.99,20.26,42.39,34.74,39.32,21.68,76.45,17.36,19.02,16.06,10.57,56.9,11.31,43.11,19.36,28.72,41.5,27.78,51.53,53.16,117.11,34.1,143.87,32.39,48.65,279.72,288.43,15.62,8.58,10.46,21.12,31.01,6.56,17.71,10.05,11.24,6.03,9.17,9.88,58.44,36.11,20.59,38.41,24.23,15.32,64.25,77.92,14.66
22.52,21.02,19.77,42.32,35.11,38.97,21.87,73.67,17.2,18.87,16.31,10.35,55.11,11.15,43.68,19.36,27.44,41.35,28.76,51.04,56.57,121.38,34.48,148.14,32.13,47.95,280.78,294.98,15.45,8.37,10.44,20.4,29.77,6.62,17.25,9.98,10.86,5.81,9.17,9.83,59.07,35.77,20.59,38.41,24.03,15.08,65.5,83.27,14.66
23.08,21.83,19.67,42.06,35.22,38.83,22.99,78.69,17.45,18.91,16.49,10.35,55.83,11.42,43.68,18.86,26.81,41.28,27.95,50.47,54.92,119.55,34.22,146.24,31.83,47.64,281.13,299.24,15.66,8.49,10.41,21.02,31.67,6.85,17.64,10.28,11.58,6.12,9.55,9.9,63.15,36.11,20.28,37.97,24.19,15.64,65.27,84.8,14.29
22.29,20.94,18.8,41.4,35.22,38.62,22.05,73.67,16.91,18.54,15.91,9.98,54.4,11.2,40.65,17.78,26.49,40.69,26.33,47.12,52.67,113.21,32.07,151.22,30.39,47.17,267.09,298.91,14.73,8.07,10.12,19.83,29.51,6.4,16.42,9.85,11.16,5.84,8.89,9.42,62.17,36.24,18.88,35.52,23.87,14.96,65.19,79.07,13.92
21.7,20.48,19.18,40.81,34.81,37.72,22.05,77.14,17.29,17.95,15.94,10.17,55.18,10.98,40.28,17.94,26.2,41.42,26.35,46.63,54.92,111.87,31.75,149.08,30.39,47.33,267.44,305.47,14.43,8.25,10.17,19.77,30.16,6.4,16.38,9.82,11.66,5.76,9.01,9.8,59.85,35.97,18.83,37.97,23.93,15,64.8,79.45,13.89
20.78,19.3,18.72,40.22,33.5,37.09,22.49,74.06,17.1,18.58,15.51,9.69,53.97,10.21,39.14,17.44,26.01,40.03,26.44,47.85,53.82,109.79,32.7,147.42,28.7,46.86,267.44,303.83,13.84,7.98,9.8,19.17,28.95,6.13,15.75,9.35,10.86,5.36,8.71,9.67,59.07,35.02,19.05,38.02,23.48,14.68,64.33,75.55,13.48
21.41,20.62,18.83,41.2,33.9,37.37,23.58,77.14,17.17,19.35,15.88,9.98,53.75,10.38,40.65,17.84,26.74,40.25,28.27,47.94,54.15,112.23,32.51,148.37,30.05,47.02,268.84,301.54,13.97,8.28,9.99,20.1,30.16,6.3,16.73,9.62,11.37,5.57,9.29,9.78,59.92,35.7,19.34,38.02,24.06,15.08,63.55,75.32,13.72
22.36,21.54,18.96,40.94,33.86,36.88,23.51,76.06,17.64,20.09,15.88,9.91,53.75,10.6,43.49,17.69,26.81,41.13,28.49,48.43,54.92,112.48,32.32,143.4,30,46.55,275.51,301.54,14.94,8.52,10.2,20.49,30.49,6.34,16.8,9.85,12.13,5.92,9.5,10.03,59.28,36.38,20.02,39.81,24.1,15.36,62.38,76.01,13.72
21.87,21.62,19.07,40.41,34.41,37.72,23.45,78.3,17.39,19.76,16.12,10.06,55.11,11.34,43.49,18.25,26.81,41.86,28.38,49.49,55.19,112.84,32.96,149.32,30.18,47.48,278.67,320.55,14.9,9.11,10.91,20.76,32.06,6.59,16.73,10.15,12.97,6.33,9.61,10.47,59.85,37.4,21.03,38.93,24.39,15.88,63.01,76.09,13.85
21.6,21.31,19.67,39.95,34.38,37.65,24.23,76.68,17.2,20.05,16.79,9.95,54.97,11.48,43.87,18.06,27,41.28,28.49,48.67,54.7,111.99,32.45,148.14,31.18,47.4,282.88,336.28,15.11,9.29,11.23,20.49,33.7,6.79,16.38,10.85,13.57,6.24,9.45,10.78,60.41,38.08,22.39,39.2,24.16,16.03,63.32,76.39,14.09
21.87,21.51,19.04,40.35,34.34,36.88,24.04,81.39,17.01,19.68,16.92,10.02,54.32,11.29,43.49,17.81,26.74,41.57,28.86,48.67,55.19,110.77,32.45,145.77,31.26,47.02,282.88,332.35,15.24,8.9,10.89,20.1,34.36,6.62,16.31,10.92,13.57,6.15,9.75,10.52,61.25,37.13,21.91,40.38,23.87,15.84,61.99,76.39,13.92
21.64,21.68,18.74,40.09,33.86,36.05,23.42,80.23,17.04,19.68,17.95,9.83,53.9,11.04,44.06,17.5,26.33,41.28,28.65,48.02,56.02,111.26,32.45,145.53,30.39,47.02,292.36,335.62,14.85,8.93,10.83,20.16,34.1,6.56,16.07,10.82,13.52,6.21,9.57,10.55,60.27,36.72,22.04,39.9,23.87,15.72,62.38,76.39,13.78
21.83,21.48,19.39,40.22,33.42,36.05,22.8,82.16,16.97,19.43,17.89,9.58,53.11,10.76,43.11,17.07,25.78,40.91,28.05,46.87,54.92,110.04,32.32,144.82,29.27,47.33,281.48,326.77,15.87,9.35,11.57,20.16,33.77,6.82,16.45,11.02,13.52,6.15,9.52,10.93,59.64,37.26,21.56,38.93,24.06,16.11,62.62,75.1,14.12
21.5,21.05,18.99,42.25,34.23,38.27,23.14,77.91,17.29,19.43,17.22,9.54,53.18,10.82,43.49,16.85,26.36,41.57,28,47.36,53.82,110.28,32.39,144.58,28.61,47.95,277.27,321.53,15.49,8.99,11.73,19.64,32.98,6.68,15.79,10.68,13.1,5.9,9.29,10.49,59.35,38.76,21.29,37.88,24.36,15.84,64.41,72.57,14.02
22.36,20.99,19.53,41.4,34.01,37.58,22.89,80.23,17.68,20.16,17.5,9.61,53.97,11.04,46.52,17.01,26.96,44.36,28.76,48.1,56.57,111.74,32.96,143.4,29.18,48.1,280.78,343.49,16.08,9.62,12.52,20.86,34.56,6.93,16.87,10.99,13.52,6.06,9.94,11.21,59.07,39.3,22.39,39.59,24.39,16.91,63.94,74.18,14.36
22.69,21.8,19.72,41.86,34.74,37.92,24.1,81,18.35,20.12,18.26,9.76,54.11,11.18,48.97,17.41,26.93,43.33,29.67,49.33,55.74,112.96,33.65,137.47,29.74,48.8,285.69,352.01,16.34,9.62,12.68,20.96,35.08,6.87,16.49,10.99,12.97,6.47,10.38,11.21,58.09,38.76,23.93,40.07,24.75,16.79,64.33,74.48,14.36
22.36,21.8,19.37,41.2,34.45,37.58,24.51,86.4,19.02,20.6,17.83,9.95,54.04,11.26,51.32,17.32,26.9,43.99,28.76,49.73,58.21,111.99,33.21,139.84,29.79,48.96,285.69,339.56,17.18,9.5,11.94,21.09,34.82,6.77,17.15,10.75,12.89,6.71,10.36,10.73,58.3,38.83,23.93,39.37,24.75,16.43,63.24,74.87,14.32
21.44,21.8,19.23,41.2,34.96,37.86,23.79,83.31,18.66,20.6,17.71,9.91,54.97,11.5,49.57,17.01,28.05,43.92,28.49,51.21,56.57,113.33,32.64,139.13,30.05,49.11,286.39,330.38,16.97,9.29,11.71,20.69,34.36,6.78,16.66,10.52,12.72,6.83,10.29,10.62,58.23,38.69,23.71,39.55,25.04,16.15,64.8,71.81,14.09
21.04,21.68,18.96,39.82,34.27,37.37,23.11,83.31,18.31,20.6,17.31,9.61,54.4,11.23,47.37,16.85,28.43,42.52,27.78,49.33,55.74,110.52,32.13,144.58,29.57,49.5,281.48,316.61,15.79,9.08,11.49,20.13,33.24,6.63,16.1,10.08,12.55,6.59,10.33,10.52,57.25,38.35,22.65,38.37,24.94,15.84,63.94,69.98,13.68
20.85,21.22,18.91,39.63,33.61,36.32,22.4,80.23,18.38,20.6,17.56,9.69,54.25,11.01,46.93,16.95,27.44,42.16,27.84,48.84,56.29,110.52,32.45,145.29,30.39,49.89,285.69,313.66,15.83,9.14,11.47,20.13,33.44,6.61,16.03,10.08,12.34,6.47,10.08,10.42,57.32,38.76,21.88,37.62,24.91,15.88,62.62,70.21,13.72
21.14,21.48,19.04,40.41,33.72,36.88,22.74,82.16,18.57,20.31,17.65,10.24,53.68,11.15,48.91,17.01,27.51,42.38,27.68,49.33,56.57,110.89,32.58,144.82,30.44,49.58,285.69,320.55,15.95,9.29,11.71,20.63,33.77,6.59,16.17,10.18,12.76,6.62,10.29,10.62,58.16,38.42,21.95,38.41,24.97,16.03,62.62,71.05,13.75
20.52,20.74,18.69,39.43,32.8,35.7,21.56,77.14,18.06,19.68,17.19,9.65,52.96,10.57,47.15,16.39,26.49,41.57,26.68,48.02,54.37,106.86,31.5,142.21,30.48,48.88,278.67,301.54,15.49,8.78,10.94,19.77,32.1,6.23,15.13,9.92,11.92,6.27,9.57,9.96,57.39,37.67,21.62,37.58,24.26,15.24,61.6,68.75,13.45
19.63,20.36,18.47,39.36,32.36,35.7,20.66,73.29,17.29,18.84,16.49,9.17,50.32,10.21,45.18,16.27,25.05,41.2,25.63,47.69,51.9,102.47,31.82,138.89,30.22,48.96,268.14,286.13,14.64,8.4,10.75,18.54,30.39,5.99,15.13,9.52,11.2,5.84,8.92,9.62,56.26,38.69,20.77,34.95,24.52,14.84,62.77,66.84,12.78
19.83,20.36,18.88,39.43,32.55,36.05,20.84,74.21,17.8,20.12,17.07,9.43,50.25,10.46,45.84,16.14,26.07,42.74,25.25,48.18,52.01,101.37,32.01,133.91,30.7,48.88,273.06,285.15,14.56,8.55,10.62,18.84,31.47,5.97,15.16,9.78,11.49,5.87,8.66,9.65,57.46,39.17,21.51,34.56,24.78,14.84,63.24,67.46,12.78
21.14,20.68,18.96,40.22,32.91,36.6,21.37,72.75,18.38,20.16,18.05,9.06,50.17,10.35,45.62,16.39,26.23,42.82,26.97,47.77,52.17,101.37,32.39,141.03,31.26,49.27,273.06,304.16,14.81,8.67,10.78,19.54,31.57,5.93,16,10.15,11.75,5.81,8.94,9.83,57.88,38.62,21.8,36.4,25.01,14.92,63.94,69.67,13.21
21.14,21.51,18.58,39.43,32.51,35.84,21.53,72.51,18.28,19.57,17.5,8.73,49.74,10.05,44.3,15.83,25.21,41.13,26.97,47.53,52.06,101.5,32.45,137.47,30.05,49.89,266.74,296.29,14.39,8.43,10.49,19.17,30.49,5.83,15.34,9.82,11.24,5.55,8.87,9.44,59,38.69,20.52,35.08,25.14,14.57,61.92,67.99,12.91
20.09,20.53,17.85,39.43,32.66,35.91,20.19,67.89,17.87,18.43,16.49,8.13,50.46,9.77,42.2,15.74,23.65,39.15,26.44,47.44,48.6,97.84,31.82,127.99,28.83,50.43,258.67,283.18,13.75,8.31,10.2,18.84,29.6,5.5,14.53,9.58,10.73,5.82,8.83,9.39,58.72,38.76,21.95,32.64,25.23,14.21,61.45,64.93,12.41
19.79,20.28,18.18,39.3,32.36,35.7,20.19,72.59,17.99,18.43,16.55,7.99,49.96,9.97,43.12,15.59,23.71,39.37,27.03,47.69,49.76,97.59,31.44,120.88,27.79,50.59,246.38,285.15,13.97,8.31,10.25,19.24,29.9,5.5,14.53,9.35,10.73,5.69,8.43,9.49,58.51,38.56,22.52,31.89,25.1,14.21,61.53,64.78,12.34
19.79,20.02,18.01,39.36,31.89,35.07,20.5,71.2,17.74,18.21,16.49,7.91,49.74,9.67,42.99,15.65,23.33,38.19,27.03,47.53,48.88,97.84,32.32,112.58,27.92,49.34,247.79,272.04,13.84,8.43,10.28,20.07,30.82,5.5,14.46,9.35,11.41,6.03,8.66,9.7,59.35,37.81,23.88,31.54,24.94,14.41,61.53,65.32,12.48
19.47,19.39,17.77,39.1,31.27,34.52,20.78,72.75,17.58,17.11,16.31,7.62,49.39,9.61,42.9,15.4,22.98,38.7,26.27,47.44,47.72,95.52,32.32,104.76,27.44,49.58,258.31,273.02,13.2,8.19,9.91,20.13,30.42,5.35,14.26,8.95,11.03,5.81,8.83,9.49,58.02,37.2,23.49,30.36,24.84,14.17,60.43,64.93,12.51
19.86,19.85,17.93,39.63,31.45,34.62,22.21,75.83,17.8,18.18,16.76,7.69,49.96,9.61,43.29,16.17,23.49,38.41,27.08,47.53,48.6,96.74,32.7,106.66,27.36,49.89,266.04,280.23,13.54,8.34,10.07,20.36,30.88,5.42,14.46,9.32,11.24,5.97,8.73,9.85,58.02,37.33,23.27,31.54,25.04,14.57,60.12,65.16,12.68
19.96,20.05,18.15,39.17,31.45,34.62,23.76,77.53,17.8,18.84,17.59,7.91,50.1,9.67,45.84,16.89,24.89,38.93,28.05,46.95,50.03,99.3,33.84,109.03,28.48,50.43,267.44,291.05,13.8,8.34,10.15,20.23,30.75,5.38,14.64,9.42,11.33,6.24,8.76,9.8,59.71,37.47,24.15,33.73,25.17,14.68,60.82,66.46,12.78
19.2,19.19,17.96,37.46,29.99,33.16,22.8,74.91,17.42,18.76,17.4,7.65,51.1,9.34,44.08,16.61,24.16,37.68,28,46.14,48.88,97.59,33.34,116.61,27.53,50.43,263.23,281.87,13.42,8.25,9.86,19.67,29.77,5.24,13.94,9.15,10.95,6.12,8.66,9.78,58.37,36.99,23.88,33.77,25.04,14.72,58.17,67.99,12.51
20.16,20.08,18.15,38.38,30.76,33.85,23.54,76.83,17.8,19.24,17.53,7.84,54.04,9.72,44.74,16.82,24.64,38.85,28.54,47.61,50.09,100.89,33.84,124.67,28.27,50.66,271.3,293.67,13.71,8.81,10.49,20.69,31.83,5.6,14.92,9.78,11.71,6.53,9.27,10.37,59.64,37.74,23.4,35.61,25.14,15.52,60.12,69.06,12.95
21.37,20.53,18.2,37.59,31.05,34.06,24.85,78.69,17.99,20.05,17.74,8.02,52.75,9.88,45.4,16.64,24.67,39.44,28.92,47.12,51.07,101.62,33.72,133.2,28.31,50.74,274.81,298.26,14.05,8.64,10.44,20.99,32.29,5.61,15.72,10.02,11.71,6.98,9.22,10.24,59.71,38.01,23.27,35.78,25.17,15.4,60.43,69.52,13.68
21.24,20.51,18.26,38.05,31.12,34.31,24.85,77.53,18.03,19.98,17.31,8.06,52.96,9.83,44.74,16.51,24.44,39.95,29.24,46.95,50.52,104.55,33.72,133.2,27.92,50.51,273.76,298.91,14.05,8.61,10.38,20.83,32.16,5.56,15.82,10.18,11.75,7.28,9.29,10.26,59.14,37.54,23.71,35,24.97,15.44,60.12,68.75,13.55
20.71,20.1,18.8,37.72,30.54,33.71,24.13,75.68,17.87,19.43,16.82,7.99,53.75,9.75,43.69,15.86,24.09,39.22,28.76,46.63,49.81,103.69,33.59,127.04,27.44,50.43,267.09,295.97,13.88,8.52,10.25,20.59,32.46,5.78,15.82,9.82,11.62,7.34,9.48,10.11,58.86,37.54,23.71,34.17,24.58,15.24,59.73,67.23,13.58
20.65,20.08,18.31,38.44,31.16,34.38,23.61,75.14,17.99,18.84,17.4,8.13,53.32,10.41,44.52,16.48,24.28,40.17,28.86,46.71,50.2,103.94,33.59,121.59,27.79,50.82,275.16,304.16,13.84,8.52,10.41,20.3,31.83,5.77,15.41,10.08,11.58,6.83,9.2,10.06,59.14,38.08,23.93,35.13,25.01,15,60.98,67.61,13.48
20.85,20.45,18.42,38.64,31.6,34.86,24.2,78.3,18.25,20.05,17.53,8.32,54.68,10.6,45.62,17.16,24.73,40.39,29.56,46.71,50.91,107.84,35.94,129.89,28.57,50.97,280.07,317.92,13.97,8.78,10.54,20.96,32.92,5.74,16.03,10.79,11.75,7.13,9.45,10.24,59.28,39.24,24.89,36.31,25.14,15.32,62.85,69.06,13.72
21.18,20.39,18.85,38.9,31.85,35.21,24.66,83.7,18.31,20.24,18.08,8.36,56.11,10.65,45.84,17.53,26.14,40.47,30.43,48.84,51.18,109.55,36.7,138.89,29.57,50.82,284.64,312.03,14.26,8.96,11.1,21.06,33.31,5.87,16.59,11.09,12.09,6.95,9.59,10.52,59.57,38.76,26.08,36.75,25.27,15.68,63.4,71.43,14.12
21.04,19.93,19.45,38.77,31.71,34.93,24.35,82.54,18.25,20.09,18.01,8.21,57.12,10.41,44.74,17.23,26.04,40.39,30.64,49.73,50.96,110.04,37.39,140.79,29.31,50.43,286.39,308.09,14.18,8.96,11.04,20.96,33.44,5.81,16.59,11.25,11.92,7.1,10.03,10.52,59.28,39.03,26.08,36.31,25.27,15.68,62.7,71.05,14.46
21.18,20.08,19.34,38.51,31.23,34.34,24.54,84.86,18.12,20.6,17.86,8.1,55.97,10.74,44.52,17.6,25.78,39.95,30.59,49.24,51.18,110.04,37.39,142.21,29.35,50.51,291.31,302.85,15.15,8.87,10.89,21.35,32.85,5.79,16.24,11.09,11.71,7.04,9.85,10.37,58.72,38.5,26.34,36.48,25.23,15.72,61.6,70.59,14.52
21.47,20.33,19.29,38.77,31.3,34.17,24.66,83.31,17.93,20.42,18.2,8.24,56.11,11.04,44.74,17.63,26.42,40.69,30.64,50.47,52.17,110.89,37.39,135.57,29.53,50.2,306.05,312.68,15.07,8.9,10.94,21.19,33.31,6.12,16.31,11.09,11.83,7.16,10.01,10.52,58.86,38.58,26.6,36.66,25.69,15.88,62.72,71.43,14.42
20.81,19.99,19.34,38.88,30.83,33.89,24.01,82.54,17.93,19.79,17.92,8.61,55.9,10.85,45.4,17.84,26.04,39.95,30.16,49.24,52.23,109.55,37.08,129.89,29.79,49.58,312.36,305.47,14.56,8.78,10.75,21.16,33.44,5.97,15.72,10.75,11.62,6.95,9.87,10.47,58.02,38.58,26.47,36.83,25.79,15.64,61.99,71.05,14.15
21.04,20.13,19.48,39.53,31.08,34.52,24.01,83.31,18.03,19.87,18.41,8.58,55.83,11.04,46.28,18.34,26.45,40.61,30.75,50.06,53.27,111.74,37.08,130.36,31.26,49.89,306.05,301.54,15.11,8.87,10.97,22.05,33.77,6.02,15.79,10.95,12.42,7.01,10.08,10.5,58.23,38.13,26.69,38.67,26.37,15.72,62.64,72.19,14.29
21.64,20.28,19.31,39.75,31.23,34.65,24.07,81.39,18.19,19.94,18.26,8.76,56.11,11.5,48.03,18.43,26.49,41.2,31.02,51.53,53.93,113.94,37.39,127.99,31.35,49.65,298.68,299.9,15.07,8.87,10.94,21.82,33.51,6,15.68,10.82,12.47,6.86,10.13,10.47,58.44,38.65,26.78,38.89,26.01,15.8,63.05,71.5,14.32
20.71,19.19,18.77,38.73,30.02,33.58,22.74,77.14,17.68,19.24,17.28,8.5,55.26,10.98,46.93,17.63,25.72,40.39,29.35,51.53,51.62,111.5,37.39,119.93,30.7,49.5,301.83,291.7,14.6,8.31,10.33,20.3,31.28,5.61,14.6,10.08,11.62,6.39,9.43,9.93,57.17,38.65,25.81,37.45,25.69,14.92,61.17,69.06,13.65
20.78,19.33,18.85,38.81,30.54,33.85,23.17,79.07,18.06,19.87,17.71,8.76,56.36,11.31,48.25,17.81,26.49,40.98,29.94,51.29,52.72,113.82,37.08,123.25,32.7,49.58,309.56,297.93,14.9,8.49,10.3,20.49,31.74,5.64,14.99,10.25,11.49,6.27,9.31,10.01,57.67,38.5,26.08,39.28,25.72,15.28,61.17,70.05,13.95
21.5,19.82,18.96,39.24,31.34,34.31,24.07,82.93,18.19,21.23,18.72,9.06,56.36,11.37,49.57,18.25,26.95,41.82,31.99,53.25,53.27,114.67,37.2,125.62,32.65,49.34,313.07,299.24,15.62,8.61,10.36,20.96,32.65,5.75,15.58,10.58,11.71,6.39,9.38,10.25,57.67,38.43,27.39,38.93,26.08,15.52,63.37,74.94,14.76
21.24,19.96,18.96,39.46,31.63,34.93,24.23,81.77,18.54,22.7,18.6,9.21,56.9,11.5,50,19.05,27.35,42.21,32.37,56.44,53.6,117.97,39.8,129.89,32.65,49.03,314.12,306.78,15.4,8.64,10.38,21.19,32.92,5.78,15.79,10.75,11.41,6.42,9.75,10.25,58.3,38.36,28.32,38.19,25.95,15.52,62.8,79.07,14.52
21.57,19.96,18.93,39.61,31.79,34.86,24.23,83.31,18.63,22.92,18.56,9.13,57.97,11.53,50,18.46,28.29,42.13,33.5,58.49,53.93,118.09,39.55,131.07,33.17,49.89,323.46,309.08,15.87,8.7,10.52,21.69,33.64,5.9,16.1,10.99,11.58,6.39,10.05,10.41,58.79,38.87,28.32,38.89,26.4,15.76,63.13,79.45,14.72
21.54,20.08,19.02,40.26,32.36,35.42,23.86,84.47,19.18,23.99,19.21,9.24,59.27,11.64,50.44,18.43,28.69,42.75,33.18,57.8,53.98,117.11,38.72,131.78,33.69,50.12,321.65,320.22,15.66,8.84,10.65,22.18,34.1,5.96,16.8,11.22,11.83,6.83,10.52,10.44,58.93,38.95,28.1,39.24,26.53,15.99,64.11,77.92,15.33
21.54,19.9,18.91,40.98,32.75,36.05,23.79,82.16,19.27,23.95,19.02,9.46,58.2,11.72,48.69,19.14,28.75,43.3,33.18,56.61,52.94,115.89,39.61,133.91,33.78,50.04,328.18,321.2,16.12,8.96,10.75,22.18,33.83,5.96,17.08,11.09,11.49,6.71,10.59,10.44,58.93,38.65,28.27,39.9,26.37,16.07,65,79.07,15.26
21.73,19.65,18.8,40.98,33.01,35.84,23.92,83.7,19.62,22.85,19.6,9.35,59.58,11.48,49.79,19.14,28.22,43.14,33.18,57.03,53.16,116.26,39.48,139.6,33.04,49.73,328.18,319.89,16.5,8.96,10.86,23.01,33.9,6.02,16.8,11.29,10.99,6.86,10.45,10.55,58.72,38.58,27.88,39.37,26.4,15.84,65.25,78.69,15.93
22.95,19.85,18.61,40.84,32.82,36.44,23.92,81.77,19.53,23.18,19.66,9.39,60.57,11.45,48.91,19.48,27.75,44.08,33.34,57.37,52.5,120.77,40.56,132.73,33.17,50.12,325.28,314.97,16.21,8.9,10.83,22.71,33.57,6,16.7,11.42,11.45,6.74,10.31,10.41,58.65,38.8,29.02,38.5,26.72,15.8,64.92,76.01,15.93
22.59,19.59,18.47,40.62,32.75,36.55,23.92,83.31,20.02,23.07,20,9.58,61.03,11.64,48.25,19.98,27.75,44.63,34.53,58.48,52.01,119.31,42.84,141.03,31.91,49.89,319.83,310.71,17.01,8.9,10.83,22.35,33.38,6,16.42,11.45,11.2,6.86,10.24,10.47,59.21,38.36,30.03,37.36,26.54,15.72,64.92,75.25,15.66
22.75,19.96,18.69,41.35,33.17,37.5,24.13,84.47,19.67,23.07,20.27,10.17,62.1,12.04,47.81,20.07,27.89,44.94,35.61,59.5,52.06,121.99,42.84,150.74,31.78,50.43,326.73,316.29,16.8,8.99,10.86,22.48,33.9,5.99,16.7,11.72,11.2,6.77,10.36,10.55,59.28,38.5,29.81,37.8,26.27,15.8,65.25,76.39,15.63
22.85,20.22,18.77,41.27,33.21,37.72,24.04,84.09,20.37,24.65,21.56,10.35,66.38,12.85,50,20.72,29.32,45.17,35.55,60.77,55.69,126.87,43.22,158.56,31.96,50.74,336.17,321.86,16.93,9.09,11.02,22.81,34.1,6.03,16.7,12.02,11.2,6.8,10.26,10.77,60.41,37.76,29.72,37.97,26.2,15.91,65,80.98,15.9
22.65,19.93,18.47,41.13,32.86,37.72,23.14,83.31,21.1,24.61,21.71,10.24,64.62,12.49,48.91,20.63,29.02,44.08,35.55,59.5,54.75,126.87,43.29,147.66,32.13,50.28,346.7,301.54,17.01,8.99,10.99,22.54,33.57,6,16.49,11.72,11.2,6.62,9.94,10.79,60.83,37.39,29.19,37.62,26.09,15.72,64.92,82.12,15.39
22.89,20.02,18.58,40.91,32.25,37.79,22.99,81.39,21.41,23.55,22.78,10.35,63.48,12.46,49.35,20.07,28.55,43.69,34.53,58.31,54.05,124.43,42.04,141.74,31.74,51.05,351.42,293.67,16.67,8.96,10.94,22.48,33.18,5.9,16.24,11.69,11.11,6.44,9.72,10.71,60.62,37.32,27.79,37.45,26.06,15.76,63.05,82.51,15.23
22.85,20.13,18.45,40.91,32.44,37.43,22.99,80.23,22.04,23.29,22.81,10.76,65.01,13.3,49.57,19.92,29.42,45.95,34.37,58.82,54.18,126.87,41.9,138.89,31.61,51.05,342.34,293.34,16.93,9.02,10.99,22.25,33.05,5.93,16.45,11.58,11.28,6.42,9.72,10.9,60.34,37.17,28.71,37.8,26.96,16.03,62.39,80.98,15.56
22.89,20.25,18.31,40.77,32.44,37.43,22.67,81,22.21,23.8,22.08,10.87,66.31,13.08,50,19.55,28.95,45.48,34.37,56.61,54.24,125.41,40.08,141.03,31.96,52.47,344.88,272.86,16.84,9.02,10.97,22.54,33.9,5.95,16.59,11.82,10.65,6.5,9.58,11.01,60.13,37.39,28.1,37.36,26.89,16.15,62.15,82.12,15.7
23.54,20.36,18.37,41.78,33.09,38.38,22.67,80.61,22.21,24.05,21.04,10.13,65.69,12.51,48.69,19.17,28.42,44.94,34.47,56.95,53.29,122.97,38.67,146.71,31.7,51.75,328.91,253.81,17.99,8.96,10.86,22.15,33.38,5.97,16.45,12.02,10.65,6.62,9.75,10.82,60.48,37.02,28.26,36.92,26.27,15.95,61.82,81.74,16.13
24.17,20.25,18.2,42.58,33.13,38.45,22.83,79.46,21.69,23.39,20.43,9.87,65.01,12.77,48.03,18.43,27.75,44.39,33.72,56.78,52.41,120.77,38.67,143.63,30.57,51.84,344.16,240.26,17.82,8.68,10.57,21.92,32.78,5.78,15.51,11.52,10.23,6.3,9.21,10.41,60.2,36.95,27.92,35.08,26.2,15.68,61.66,84.8,16.27
24.46,20.42,17.82,42.72,33.05,38.89,22.36,78.3,21.9,23.56,20.89,10.24,66.84,12.94,47.81,18.71,27.89,44.31,34.37,58.31,51.21,122.97,40.01,136.76,30.31,51.75,343.43,251.25,17.56,8.75,10.62,22.61,32.59,5.75,15.62,12.02,9.97,6.33,9.47,10.41,60.48,37.32,29.34,35.08,26.27,15.8,61.5,85.18,15.95
25.19,20.99,17.47,42.29,33.59,39.03,22.27,76.83,21.9,23.76,21.19,10.2,65.31,12.57,46.93,19.3,27.65,45.09,33.99,58.14,50.26,124.43,39.21,142.21,29.44,51.11,359.4,249.05,17.18,8.84,10.57,22.15,32.1,5.75,15.89,12.16,10.1,6.15,9.3,10.55,60.62,37.17,29.87,35.17,26.3,15.84,61.99,83.27,16.16
24.92,21.77,16.88,42.65,33.51,41,21.74,77.53,21.58,23.48,21.43,10.28,65.01,13.22,47.59,19.17,28.19,44.55,35.66,58.14,52.73,125.16,38.6,139.13,29.79,50.66,363.03,256.37,16.76,8.84,10.67,21.49,31.54,5.83,15.41,12.02,10.06,6,9.4,10.63,60.13,37.02,29.34,35,26.23,15.91,62.48,84.03,16.31
24.4,21.8,17.47,42.87,34.17,40.78,21.87,75.14,21.41,23.52,20.79,10.09,64.85,12.65,46.5,20.1,27.82,44.86,35.9,58.82,51.9,126.63,40.01,141.03,31.46,50.75,362.31,251.98,16.59,8.72,10.57,20.89,31.38,5.78,15.2,11.72,9.89,5.94,9.21,10.41,60.41,37.1,29.14,36.4,26.33,15.88,61.99,82.89,16.02
24.33,21.68,17.88,43.88,36.2,41.51,22.05,77.42,21.86,24.22,21.31,10.28,65.77,13.02,48.25,20.35,28.49,45.72,37.3,59.5,53.1,126.38,41.16,141.03,31.86,51.21,362.31,254.91,17.1,8.87,10.85,21.26,32.49,5.91,15.57,11.96,10.27,6.36,9.63,10.52,60.98,38.21,29.38,37.01,26.54,16.11,63.13,84.8,16.42
25.12,21.8,18.26,45.34,37.47,42.17,23.33,76.63,22.04,24.01,22.47,10.28,68.83,13.55,47.37,20.16,28.19,45.95,36.87,60.43,52.41,131.02,42.51,141.03,32.13,51.21,351.05,252.71,17.99,8.78,10.85,21.16,32.29,5.9,15.53,11.99,10.14,6.24,9.49,10.55,62.21,38.5,29.29,37.13,26.54,16.15,64.6,85.94,16.24
24.52,21.68,17.99,44.25,36.43,41.15,22.43,75.45,21.69,23.64,22.27,10.13,67.45,12.99,45.84,20.41,27.35,45.09,36.51,59.5,51.59,129.55,40.82,141.03,31.41,50.75,349.24,248.32,17.77,8.59,10.66,20.83,31.47,5.78,15.04,11.58,9.93,6.09,9.28,10.36,63.27,38.13,28.16,36.27,26.09,15.84,63.29,86.33,15.12
24.11,21.28,18.26,43.16,35.51,40.35,21.74,72.94,21.34,22.94,21.66,9.65,66.08,12.79,46.06,19.67,27.62,44.94,34.21,58.22,51.21,129.58,40.28,141.03,30.42,50.75,343.43,244.65,17.77,8.56,10.54,20.4,31.28,5.7,14.69,11.35,9.51,5.97,9.02,10.09,62.62,37.39,26.69,35.14,26.02,15.55,63.62,84.8,14.87
23.6,20.85,18.38,42.58,35.36,39.62,21.31,72.07,21.2,22.86,21.57,9.83,64.78,13.27,46.5,19.67,27.35,44.78,35.36,57.8,51.46,131.61,39.81,141.03,30.51,50.48,342.7,247.95,17.77,8.65,10.38,20.43,31.01,5.65,14.97,11.45,9.34,5.93,8.9,10.09,62.86,37.76,26.94,34.91,25.78,15.46,63.21,85.56,15.08
23.57,20.94,18.23,42.29,35.36,38.89,21.31,72.7,20.61,22.2,22.17,9.61,64.39,13.64,46.93,19.86,27.55,45.02,35.48,57.8,51.08,132.88,39.61,141.03,30.37,50.66,346.33,244.65,17.35,8.5,10.21,20.16,30.49,5.53,14.66,11.11,9.04,5.88,8.58,9.85,62.7,37.99,27.03,35.09,25.5,15.17,63.21,86.33,14.33
22.55,20.56,18.81,43.01,34.43,39.03,21.12,71.36,20.23,22.61,22.17,9.39,62.33,14.12,46.06,19.73,27.29,44.31,34.99,58.56,50.77,132.12,40.22,141.03,30.1,50.84,334.72,243.19,17.01,8.31,10.15,19.83,29.93,5.49,14.69,10.94,9.04,5.7,8.44,9.58,62.53,37.54,26.45,34.68,25.67,14.93,63.37,88.62,14.11
23.57,21.22,19.04,44.76,35.39,41.44,22.18,76.32,21.1,23.76,22.97,10.02,63.48,13.81,48.25,20.19,27.69,45.56,36.63,59.5,51.65,132.12,42.38,141.03,30.55,50.75,335.08,247.58,17.18,8.62,10.38,20.46,31.6,5.69,15.22,11.69,9.34,6.09,8.79,9.9,63.03,37.39,27.38,35.04,26.33,15.46,64.35,89.38,14.4
23.64,21.5,18.81,44.25,34.74,41.22,22.11,77.42,20.85,23.68,23.03,10.09,64.01,13.33,48.03,20.84,27.15,45.8,36.08,60.35,51.72,133.39,45.28,141.03,29.92,50.39,339.8,243.19,17.39,8.53,10.23,20.16,31.18,5.57,14.8,11.31,9.13,5.93,8.6,9.69,63.19,37.47,29.09,34.46,25.85,15.17,64.6,89.38,14.83
23.23,21.47,18.78,43.52,34.74,40.56,21,73.88,20.51,23.93,23.19,10.13,64.55,12.82,47.15,21.1,26.65,46.03,34.69,60.77,51.4,133.14,46.7,131.32,29.02,50.66,331.81,238.06,17.1,8.41,10.12,19.97,30.65,5.46,14.52,11.14,8.96,5.88,8.58,9.47,62.21,37.69,30.07,33.23,25.78,14.93,64.03,86.28,14.44
23.26,21.19,18.52,43.09,34.32,40.13,20.23,74.27,20.44,23.68,22.36,9.95,63.71,12.82,47.81,20.84,26.69,45.87,34.09,60.18,51.53,131.61,45.41,126.14,29.15,51.02,335.81,238.79,16.93,8.34,10.01,19.97,30.23,5.39,14.16,11.04,8.87,5.82,8.46,9.44,61.55,37.47,29.19,33.32,25.85,14.8,63.86,83.79,14.47
23.77,21.43,18.92,43.88,34.9,41.59,20.68,74.59,20.68,25.33,23.67,9.98,67.68,13.5,48.69,21.3,27.52,46.42,34.63,62.3,52.09,133.65,46.63,127.34,29.88,51.48,344.16,243.56,16.93,8.53,10.21,20.49,30.65,5.61,14.73,11.31,9.09,5.91,8.81,9.66,62.45,37.84,30.51,33.69,26.13,15.09,64.35,86.28,14.83
24.32,21.84,19.55,42.94,35.2,42.1,21.26,74.98,20.78,25.82,23.54,9.98,67.3,13.22,48.69,21.62,27.49,46.19,34.81,63.75,53.04,133.14,46.02,135.3,29.97,51.11,347.06,242.46,16.84,8.5,10.09,20.33,30.19,5.6,14.3,11.11,9.55,5.86,8.58,9.63,62.04,38.28,31.25,33.37,25.95,15.01,63.78,89.18,14.69
24.35,21.87,20.24,43.3,35.32,42.1,21.81,78.04,20.92,26.68,24.82,10.35,69.52,13.72,51.98,21.85,28.02,47.59,36.57,63.41,55.25,134.41,48.58,140.87,30.28,51.57,371.02,253.08,16.67,8.65,10.26,20.56,31.44,5.75,14.69,11.58,9.76,6.15,8.83,9.98,62.62,38.28,31.34,34.86,26.4,15.34,65.17,92.91,15.12
24.18,21.59,20.76,43.16,34.86,41.88,22.04,77.89,20.58,26.48,24.85,10.57,69.82,13.67,53.95,21.62,28.42,46.5,36.51,65.02,54.75,134.66,47.77,142.86,29.56,51.11,365.94,255.28,16.67,8.65,10.32,20.89,31.74,5.82,15.32,11.58,9.68,6.3,9.07,10.12,61.96,37.91,30.85,36.36,26.13,15.67,65.09,92.5,14.98
24.18,21.68,21.04,43.81,34.4,41.29,22.11,78.44,20.99,28.33,25.2,10.72,69.82,14.62,53.08,22.5,29.69,46.65,37.11,66.3,54.75,137.96,47.24,144.85,30.24,51.3,375.38,253.81,17.18,8.72,10.38,21.42,32.06,5.83,15.43,11.65,9.55,6.33,9.19,10.17,63.68,37.84,30.36,36.27,26.02,15.75,65.25,94.57,15.41
24.11,21.75,20.9,43.52,34.4,41.81,22.56,77.02,20.89,28.2,26.8,11.28,70.21,14.4,53.95,24.03,30.02,46.81,37.05,67.91,55.88,138.73,48.04,149.22,30.06,51.39,384.09,268.83,16.97,8.81,10.54,21.55,32.16,6.02,15.6,11.86,9.76,6.39,9.34,10.28,63.19,38.43,30.27,36.27,26.02,15.71,65.25,100.8,15.44
24.39,21.96,20.7,43.67,34.36,41.66,23.11,77.81,21.27,28.66,26.13,11.83,71.2,14.43,54.17,24.42,30.16,48.37,37.54,67.4,56.07,143.05,47.84,148.82,29.79,51.39,376.1,271.02,16.93,8.87,10.63,21.82,33.11,6.05,16.48,12.16,10.4,6.59,9.43,10.47,63.19,38.21,30.71,35.5,25.88,15.88,65.25,98.31,15.48
24.25,22.49,21.01,44.39,35.01,42.68,24.15,81.35,21.51,29.4,26.42,11.94,71.89,14.71,56.15,24.46,31.02,48.92,38.81,68.42,56.26,143.81,47.98,149.22,30.69,51.66,368.84,266.63,17.52,8.93,10.85,22.11,33.64,6.13,16.83,12.23,10.48,6.62,9.38,10.41,64.01,38.5,31.15,36.77,25.95,16.08,66.88,102.04,15.52
24.76,22.43,21.5,44.32,35.47,42.68,23.82,82.52,21.31,27.96,26.03,11.83,70.74,14.68,55.27,24.42,30.46,48.37,39.48,67.57,57.15,142.28,46.7,151.21,30.15,51.48,359.4,256.37,17.44,8.78,10.8,22.15,33.77,6.06,16.31,12.23,10.35,6.59,9.43,10.41,63.6,38.28,30.27,37.49,25.88,15.96,67.12,99.55,15.37
25.34,22.77,22.07,46.13,36.7,44.58,24.38,82.92,21.65,28.16,25.84,11.5,71.89,15.19,55.27,24.36,30.89,49.54,38.93,69.19,56.83,144.82,48.04,154,30.24,51.66,363.03,254.91,17.35,8.93,11.17,23.34,34.95,6.2,17.08,12.77,10.52,6.92,9.63,10.74,64.5,38.36,30.71,37.58,26.06,16.37,68.43,100.38,15.48
25,22.52,22.05,46.28,37.16,45.6,24.25,84.1,21.41,28.45,25.97,11.87,71.51,15.13,54.39,24.42,30.02,48.68,38.39,67.15,55.95,143.05,48.31,159.97,29.65,51.39,357.23,257.11,17.22,9.06,11.14,23.37,35.08,6.24,17.01,13.21,10.61,7.19,9.87,10.74,64.34,38.36,30.56,36.67,25.99,16.29,68.51,101.21,15.52
24.49,22.52,21.73,46.57,36.85,45.53,24.18,80.95,20.99,27.59,25.65,11.46,69.52,14.68,53.73,24,30.56,47.98,39.05,65.45,56.96,139.74,48.38,167.13,28.52,51.57,364.49,257.84,16.63,8.93,10.94,22.68,34.36,6.13,16.27,12.97,10.27,7.07,9.65,10.6,64.01,38.5,30.66,35.18,26.06,16.21,67.29,101.63,15.16
24.76,22.52,21.62,47.15,37.66,45.38,24.05,81.74,21.34,27.83,26.48,11.5,69.29,15.19,55.05,24.42,29.92,48.76,39.35,67.66,57.52,142.03,49.26,163.15,28.61,51.57,367.39,259.3,17.06,8.99,11.14,23.07,34.69,6.28,16.66,12.94,10.35,7.07,9.67,10.66,63.68,38.43,30.85,35.18,26.2,16.33,68.92,99.55,15.08
24.52,22.96,22.13,48.67,38.27,46.26,24.05,84.88,21.51,28,26.22,11.76,70.59,15.07,55.93,24.88,30.42,48.92,39.54,68,57.02,145.84,50.2,159.17,28.61,51.66,370.29,261.87,17.18,9.09,11.25,23.54,35.15,6.34,16.87,13.35,10.48,7.19,9.7,10.74,64.09,38.87,30.85,35.18,26.27,16.54,70.8,100.8,15.3
24.52,22.71,22.07,48.96,39,46.11,24.38,89.6,21.55,28.29,26.8,11.72,71.12,15.24,56.58,25.01,30.42,48.76,39.78,68.93,56.45,148.38,48.92,159.97,28.7,51.57,371.75,263.7,17.69,9.09,11.39,23.4,35.41,6.39,17.15,13.72,10.61,7.25,10.16,10.87,64.66,41.47,30.8,35.14,26.2,16.58,70.55,102.04,15.48
24.86,22.8,22.07,48.31,39.16,45.09,24.38,89.99,21.48,28.41,27.66,11.61,71.74,14.99,56.58,25.79,30.79,48.92,39.84,68,57.08,148.64,49.26,171.11,29.29,51.66,373.93,264.43,17.27,9.15,11.42,23.47,35.54,6.41,17.08,13.92,10.69,7.4,10.4,10.93,65.48,41.17,31.44,35.86,26.44,16.75,70.88,99.55,15.41
24.86,22.68,21.79,48.6,39.16,45.74,24.73,88.81,21.13,28.2,27.92,11.31,70.74,14.76,55.49,25.27,30.12,48.6,40.75,68.76,57.9,146.6,49.06,183.05,29.43,51.3,365.21,267.36,17.1,9.02,11.22,23.21,34.88,6.45,16.87,13.62,10.61,7.28,10.28,10.87,64.83,40.87,30.85,35.86,26.33,16.54,70.47,97.48,15.16
24.86,22.83,21.39,48.89,39.16,45.89,24.41,86.45,20.85,28.2,27.18,11.61,69.98,14.57,54.17,24.75,30.82,48.76,42.2,68.08,57.21,145.33,48.04,179.07,29.61,51.3,363.76,263.7,17.14,9.06,11.28,23.3,35.21,6.37,16.87,13.68,11.03,7.45,10.23,10.87,64.42,40.58,30.02,37.26,25.99,16.5,69.98,95.82,15.01
24.49,22.43,21.04,48.02,39.23,44.5,23.99,85.67,20.85,27.09,25.87,11.39,70.74,14.54,54.83,24.68,30.86,48.6,41.47,68.34,56.83,144.32,46.7,170.71,29.43,51.39,368.12,264.43,16.17,8.96,11,22.68,34.42,6.2,16.52,13.28,10.61,7.31,10.3,10.71,64.58,41.98,28.7,37.81,26.13,16.29,68.35,96.23,14.87
24.52,21.84,21.04,46.28,38.77,43.78,23.34,84.88,20.85,27.18,25.94,11.2,69.21,14.43,54.39,24.39,30.36,47.43,40.32,67.91,56.7,143.55,46.16,172.3,28.88,51.48,368.12,262.6,15.91,8.78,11.11,22.48,33.97,6.16,16.27,13.11,10.57,7.22,10.11,10.6,63.6,42.21,29.34,37.04,25.99,16.04,68.27,94.16,15.08
24.18,21.62,20.93,46.42,38.04,43.78,23.66,85.67,20.78,27.26,25.87,11.24,68.29,14.09,54.39,24.13,29.96,47.67,40.26,67.49,56.58,143.05,46.56,169.12,28.43,51.84,369.57,257.11,15.74,8.93,11.08,23.7,34.75,6.23,16.38,13.18,10.57,7.43,10.28,10.74,64.34,43.91,30.22,36.54,26.06,16.17,66.88,94.16,14.98
23.98,21.78,20.98,46.42,38.16,44.14,23.79,85.28,20.68,26.76,25.4,11.2,66.92,13.89,54.17,23.19,29.35,47.36,40.14,65.28,55.82,136.95,45.21,164.74,27.85,52.2,368.84,249.05,15.83,8.87,11.05,23.34,34.49,6.2,16.31,13.14,10.4,7.57,9.89,10.71,63.84,44.13,28.89,35.36,26.09,16.12,68.35,90.43,14.72
24.32,21.84,21.44,47.15,39.92,44.36,23.6,88.03,21.06,26.93,26.29,11.61,69.98,14.14,55.71,23.64,30.02,49.7,41.11,68.34,56.77,139.49,45.41,159.97,28.61,52.66,376.1,257.11,16,9.06,11.28,23.67,35.08,6.32,16.48,13.62,10.82,7.84,10.06,10.87,64.5,44.13,29.14,36.13,26.27,16.41,69.08,92.5,14.94
24.59,22.4,21.73,47.51,40.38,45.09,24.44,90.38,20.78,27.96,26.89,11.65,69.98,14.88,56.58,24.39,30.29,50.32,41.47,69.7,57.59,140.25,45.55,163.15,28.21,52.47,389.17,258.57,15.66,9.12,11.39,24,35.01,6.31,16.73,13.79,10.82,7.84,10.09,10.82,64.5,44.06,29.29,37.04,26.27,16.37,68.67,92.5,14.98
25.34,22.68,21.33,48.02,40.92,45.74,25.19,92.35,21.03,27.63,26.58,11.83,70.13,14.85,56.58,24.1,30.79,50.71,41.53,69.78,57.65,138.22,44.33,163.95,28.07,52.29,389.17,255.28,15.4,9.18,11.53,24.59,36,6.34,17.36,14.09,11.41,7.99,10.33,11.09,62.45,43.61,29.38,36.72,26.23,16.62,68.92,95.4,15.23
25.2,22.52,20.9,46.86,39.54,44.43,24.34,87.24,20.78,27.05,25.97,11.68,68.91,14.37,55.27,24.85,29.59,48.92,40.2,67.32,56.58,137.2,44.33,163.95,27.89,51.75,380.46,254.18,14.64,9.06,11.28,24.66,35.8,6.23,16.87,13.72,11.45,7.78,10.35,10.9,62.13,43.32,28.89,36.81,25.74,16.33,66.96,90.43,15.01
24.79,22.31,20.76,47.66,40,44.58,24.51,87.63,20.58,27.26,25.71,11.68,69.29,14.74,54.83,25.46,29.35,48.37,40.38,67.15,56.2,136.69,44,164.74,27.8,51.57,383.36,258.21,14.52,9.06,11.28,24.92,36.65,6.2,16.8,13.72,11.58,7.9,10.21,10.82,61.47,42.95,29.14,37.13,25.85,16.37,66.96,89.6,15.12
24.93,22.52,21.13,48.6,40.61,45.23,24.93,89.6,20.78,28.37,26.64,11.83,69.37,15.02,56.58,26.41,29.86,48.68,40.44,67.83,57.21,140.25,46.43,171.11,28.43,51.66,384.82,260.04,14.9,9.09,11.5,25.39,37.7,6.24,17.05,13.72,11.62,7.75,10.45,10.95,62.21,43.91,30.27,37.67,25.85,16.54,67.21,95.4,15.16
25.54,22.8,21.47,48.53,40.92,45.96,26.39,95.49,21.06,27.96,27.12,11.76,71.12,14.96,56.58,26.7,29.92,48.45,41.53,69.7,57.02,142.54,45.75,168.72,29.02,52.02,372.47,263.7,15.4,9.3,11.7,25.92,39.67,6.31,17.33,13.96,11.62,7.84,10.74,11.14,62.7,44.28,29.92,37.4,26.06,17.03,67.61,94.99,15.59
24.93,22.83,21.1,48.02,40.77,46.18,25.28,91.56,20.89,27.26,26.45,11.39,70.36,14.65,55.27,25.86,29.59,47.51,41.17,69.53,56.45,139.74,44.2,171.9,28.52,52.2,356.14,254.91,15.15,9.24,11.53,25.19,38.82,6.3,17.08,13.65,11.83,7.72,10.57,11.01,62.45,44.21,29.73,36.77,26.09,16.87,68.27,94.57,15.77
25.34,22.99,21.5,48.6,41.84,46.55,25.83,94.31,21.2,27.59,26.77,11.46,69.59,14.51,55.27,26.38,29.96,47.67,41.17,69.87,56.32,137.96,44.6,168.72,28.79,52.29,365.94,254.91,15.36,9.4,11.56,25.98,39.67,6.73,17.26,13.85,12.09,7.78,10.67,11.14,62.7,44.58,29.38,37.04,26.2,17.32,68.02,90.84,15.98
25.34,23.08,21.21,48.74,42.15,46.62,25.7,93.92,21.03,27.05,27.44,11.39,70.44,14.85,55.71,26.44,30.19,47.75,41.29,69.7,58.72,138.47,44.54,171.9,29.11,52.29,364.49,253.44,15.4,9.43,11.62,25.82,39.34,6.95,17.08,13.79,12.3,7.66,10.59,11.12,63.03,44.21,29.53,37.99,26.2,17.37,67.61,90.43,16.02
24.79,22.99,21.3,48.53,41.84,45.74,25.61,91.96,20.75,27.05,27.56,11.39,71.12,14.48,55.93,26.12,29.79,48.21,41.29,68.51,59.99,137.96,44.6,167.93,29.65,52.11,364.49,250.88,15.28,9.4,11.5,25.95,39.15,6.81,16.87,13.62,12.38,7.51,10.35,11.06,63.35,43.98,29.29,40.61,26.06,17.12,67.45,91.67,15.8
24.96,23.02,21.7,48.67,42.53,46.47,26.42,91.96,20.85,27.26,29.48,11.94,71.12,14.85,56.8,26.7,31.79,49.54,41.9,69.44,63.14,138.73,45.75,171.11,29.38,52.29,368.84,253.44,15.28,9.46,11.59,25.59,39.21,6.84,17.54,13.65,12.34,7.66,10.45,11.12,63.6,43.91,29.14,41.84,25.99,17.24,68.84,89.6,15.8
25,22.83,21.62,48.6,43.3,47.42,25.96,91.56,21.2,26.97,28.9,12.13,70.51,15.44,57.46,26.8,31.96,49.77,41.41,69.61,65.67,140.51,45.35,173.1,29.97,52.47,371.75,253.44,15.24,9.49,11.64,25.59,39.54,6.86,17.4,13.72,12.3,7.96,10.55,11.09,63.84,44.43,28.7,42.11,26.27,17.24,69.82,89.6,15.84
25.1,22.83,21.62,47.87,43.23,46.18,26.03,91.96,21.2,27.26,28.71,12.16,69.52,15.78,57.02,27.65,32.46,48.29,41.05,69.44,65.35,140.51,45.14,173.1,29.24,52.47,382.64,259.3,15.32,9.61,12.01,25.65,40.65,6.9,17.22,13.65,12.26,8.11,10.88,11.41,63.76,43.83,28.75,42.74,26.23,17.37,69.65,90.43,15.88
25.34,22.96,21.67,48.09,42.84,45.67,25.8,92.74,21.2,27.92,28.65,12.24,71.12,16.37,58.34,27.42,32.62,47.9,41.29,72.25,66.93,147.37,45.35,173.5,29.06,52.11,376.1,258.57,15.15,9.55,12.01,25.65,40.46,6.82,17.15,13.58,12.17,8.08,10.71,11.49,63.76,44.35,29.04,44.1,26.3,17.24,69.73,90.01,15.98
25.71,23.02,21.47,47.95,42.46,45.89,26.19,91.56,20.99,27.63,28.14,12.64,71.97,16.2,58.34,27.35,31.69,48.37,41.78,71.14,66.3,152.19,46.56,172.3,29.52,52.29,377.56,254.18,15.15,9.49,12.01,25.98,40.39,6.85,17.08,13.58,12.26,8.02,10.64,11.49,63.27,44.35,28.89,44.28,26.23,17.28,68.84,90.43,16.63
25.65,22.96,21.21,47.29,42.3,46.69,26,90.38,21.1,27.96,27.92,12.42,73.27,16.2,57.68,26.9,31.32,48.06,41.23,70.46,65.99,151.18,45.82,172.7,28.93,52.29,374.65,252.71,14.81,9.4,11.73,25.88,39.6,6.73,16.9,13.45,12,7.87,10.64,11.28,62.86,44.06,28.65,43.47,26.27,16.95,67.7,88.77,16.52
24.86,22.34,21.1,46.86,41.46,44.94,26.19,89.21,20.78,28.7,27.21,12.2,71.89,15.86,57.9,26.38,30.82,48.21,41.29,70.12,66.3,146.1,45.01,172.7,28.25,51.93,358.31,245.02,14.35,9.27,11.56,25.62,38.95,6.61,16.45,13.21,11.83,7.72,10.28,11.06,62.13,44.13,28.55,42.15,25.92,16.87,68.27,85.45,16.06
24.86,22.49,21.1,46.86,41.61,45.6,27.62,90.78,20.92,29.81,27.12,12.2,73.8,15.66,59.44,26.25,31.02,47.98,41.17,70.8,70.72,147.87,44.54,174.29,28.48,52.11,345.25,241.72,14.47,9.36,11.62,25.92,39.54,6.65,16.34,13.28,11.79,7.87,10.33,11.04,62.21,43.24,28.85,43.83,25.85,17.03,67.21,87.94,16.31
25.07,22.65,21.1,48.09,43.53,47.35,27.23,88.42,20.99,28.98,27.12,12.2,73.11,15.38,60.31,26.44,31.16,47.98,41.11,70.97,73.56,151.18,44.33,175.09,28.25,52.47,339.07,237.33,14.52,9.43,11.62,26.15,39.6,6.7,16.45,13.35,12,8.05,10.42,11.06,61.8,43.54,28.5,42.83,25.85,17.08,67.94,86.69,16.2
24.45,22.34,21.04,47.95,43.92,46.62,26.94,87.24,20.71,29.4,27.37,12.05,72.12,15.52,60.53,26.7,30.92,47.82,40.38,70.12,72.93,158.8,43.59,178.27,27.89,52.66,341.61,244.65,14.47,9.33,11.56,26.08,39.87,6.72,16.45,13.35,12.17,8.11,10.42,10.98,61.47,43.83,28.16,42.47,25.88,16.91,67.12,85.03,16.13
23.84,22.09,21.67,47.15,42.69,45.31,25.83,85.67,20.75,28.45,28.08,11.68,70.28,15.21,59.22,25.76,29.76,47.2,39.6,67.83,72.3,157.27,42.65,183.05,27.21,52.29,341.25,243.92,14.47,9.24,11.36,25.52,39.15,6.61,16.31,12.97,11.92,7.75,10.18,10.79,60.82,44.06,27.47,41.02,25.85,16.66,66.47,85.86,15.73
23.47,21.56,21.04,46.35,41.08,45.02,24.89,80.95,20.51,28.78,28.08,11.61,69.44,14.62,56.8,26.05,29.25,47.04,37.84,64.85,71.35,151.94,41.7,183.05,26.54,52.2,342.34,240.26,14.18,8.99,10.94,24.4,37.9,6.37,15.67,12.47,11.34,7.34,9.65,10.44,61.06,43.32,26.59,39.98,25.81,16.21,65.74,85.45,15.26
23.16,21.59,21.1,45.84,40.23,44.87,25.28,80.95,20.37,28,27.79,11.98,70.21,14.71,57.02,27.06,29.49,46.81,37.9,66.3,69.77,154.99,42.17,187.03,26.54,52.2,337.62,241.72,14.09,8.9,10.85,24.4,37.51,6.37,15.46,12.53,11.69,7.31,9.67,10.36,60.82,43.32,27.18,39.71,25.81,16.17,65.25,85.45,16.31
22.89,21.37,21.21,45.77,40.23,44.8,24.89,81.74,20.23,28.2,28.01,11.79,69.59,15.21,57.24,26.51,29.49,46.65,37.36,65.45,69.14,154.48,43.86,179.07,26.09,51.84,353.23,248.68,13.71,8.87,10.74,24.66,37.96,6.33,15.6,12.43,11.51,7.25,9.58,10.31,60.73,43.17,27.23,39.71,25.57,16.12,65,84.2,16.27
23.06,21.34,21.04,45.55,39.92,44.58,24.63,82.52,20.16,28.24,28.84,11.57,68.45,15.52,56.37,26.38,28.79,46.19,38.14,65.62,69.14,153.21,43.86,183.05,26.18,51.75,352.14,245.39,13.63,8.93,10.71,25.29,37.7,6.34,15.71,12.3,11.34,7.22,9.6,10.31,61.8,43.91,27.33,40.52,25.57,16.12,64.35,81.55,16.42
23.67,21.96,22.3,46.21,41.08,45.82,25.54,84.88,20.37,29.27,28.84,11.72,68.52,15.61,57.24,26.7,29.05,46.5,39.17,66.38,70.41,156,44.2,195.78,27.21,51.93,355.41,246.49,13.8,9.06,10.97,25.65,38.88,6.54,16.03,13.14,11.77,7.6,9.92,10.63,62.04,44.35,27.52,41.38,25.78,16.66,64.43,81.3,16.63
23.4,21.75,21.9,45.63,40.85,45.38,25.19,84.88,20.16,29.03,28.52,11.46,67.91,15.38,57.9,26.28,28.69,46.58,38.08,66.13,69.46,154.73,44.2,206.52,26.9,51.66,348.51,249.05,13.71,8.96,10.83,25.62,38.29,6.44,15.5,12.94,11.6,7.37,9.72,10.55,62.21,44.21,27.92,40.3,25.85,16.37,64.19,81.72,16.78
23.77,21.68,22.33,45.92,41.77,46.4,25.87,84.1,20.3,29.52,28.81,11.72,67.45,15.66,58.34,26.7,29.02,46.81,39.05,66.64,69.77,155.5,44.06,202.94,26.76,52.02,346.7,251.25,13.92,9.06,11,25.45,38.62,6.48,15.64,13.18,11.69,7.48,9.77,10.68,62.29,44.28,28.36,40.75,25.88,16.37,64.35,81.3,17.14
23.98,21.96,22.22,46.86,42.46,47.06,26,87.24,20.65,29.77,28.68,11.61,67.07,15.64,59,26.7,29.32,46.81,38.81,64.94,70.09,156.77,44.06,202.94,26.94,52.38,352.14,256.37,13.92,9.33,11.31,25.75,39.54,6.77,16.17,13.45,12.03,7.66,10.11,10.95,62.94,44.58,29.34,42.29,25.92,16.75,65.9,83.37,17.6
24.39,22.06,22.25,47.8,42.99,47.71,26.26,88.03,20.85,29.23,28.84,11.54,68.22,15.72,59,27.29,29.82,47.2,39.11,65.45,73.88,161.34,44.06,206.92,27.85,52.38,365.21,265.16,14.14,9.49,11.45,25.85,39.54,6.78,16.13,13.52,11.86,7.57,10.09,10.98,62.62,44.28,28.89,42.47,25.92,16.87,66.47,82.13,17.35
24.59,21.99,22.28,48.24,43.38,48.15,26.06,87.24,20.85,29.23,29.22,12.09,68.45,16.03,58.34,28.46,30.56,48.53,39.78,66.55,73.25,163.88,44.81,208.51,28.16,52.2,373.93,265.16,14.3,9.52,11.64,26.02,39.74,6.84,16.45,13.55,11.94,7.72,10.13,11.04,62.62,45.46,29.34,42.29,25.81,16.95,67.7,82.63,17.6
24.39,21.93,22.36,48.38,43.76,49.25,26.26,85.28,20.89,29.19,28.87,12.16,68.22,16.09,57.68,28.1,30.59,48.53,39.66,69.78,74.19,165.15,44.33,204.14,28.07,52.2,369.57,261.87,14.39,9.61,11.64,26.02,39.54,6.95,16.38,13.52,11.69,7.78,10.09,10.98,62.7,45.09,29.53,42.56,25.88,16.95,67.7,82.79,18.18
24.52,21.99,22.36,47.95,43.23,48.81,26.45,86.85,20.71,29.4,28.71,12.31,68.45,16.09,58.34,28.14,30.82,48.21,39.17,69.78,73.88,163.37,44.2,201.35,28.57,52.29,368.84,266.63,14.22,9.52,11.5,25.59,39.08,6.87,16.03,13.31,11.56,7.54,9.84,10.98,62.62,45.02,30.07,42.56,25.88,16.87,67.53,83.37,18.29
24.66,22.12,22.71,48.6,44.15,50.93,26.58,85.67,20.78,30.83,29.06,12.46,69.44,16.25,60.31,28.72,31.42,48.68,40.26,70.04,74.83,163.88,45.21,201.75,28.61,52.47,377.56,271.76,14.77,9.64,11.64,26.15,39.93,6.94,16.55,13.62,12.03,7.63,10.18,11.22,62.86,45.17,29.73,43.83,25.95,17.12,68.51,85.45,18.86
24.39,21.84,22.88,48.24,44.15,50.2,26.06,85.67,20.92,30.34,29.22,12.53,68.07,16.03,60.09,28.85,30.79,48.84,40.56,70.55,72.93,165.66,44.74,197.77,28.84,52.38,366.66,267.36,14.56,9.43,11.42,25.39,38.95,6.79,16.1,13.11,12.03,7.43,9.84,10.93,63.03,45.02,29.87,41.66,26.06,16.87,68.59,88.35,17.89
24.28,21.78,22.62,47.95,44.22,49.61,26.13,83.7,21.48,30.67,29.1,12.35,68.68,15.66,60.53,28.62,30.62,49.07,40.87,70.55,73.88,164.13,44.4,200.16,28.61,52.57,369.57,272.49,14.47,9.4,11.25,25.12,38.56,6.76,16.17,13.04,12.33,7.25,9.92,10.82,62.78,45.69,29.87,41.11,25.95,16.79,69.49,87.94,17.82
23.98,21.78,22.33,48.02,44.38,48.96,25.93,82.13,21.34,30.51,28.71,12.27,67.91,15.86,59.87,28.2,30.12,49.07,41.47,70.55,73.88,162.86,44.74,210.11,28.3,52.2,377.56,275.42,14.64,9.4,11.33,25.22,38.42,6.71,16.41,12.97,12.33,7.19,9.75,10.74,62.62,44.65,29.78,41.11,25.99,16.79,69,88.77,17.71
23.74,21.81,22.28,47.22,43.3,48.66,25.74,82.13,21.44,30.3,28.27,11.79,67.91,15.24,59.22,27.68,29.29,48.14,40.93,68.93,74.19,162.1,43.59,211.46,28.48,52.29,384.09,269.56,14.6,9.27,11.11,24.69,37.7,6.64,15.99,12.77,12.16,7.04,9.6,10.63,62.62,44.72,29.29,40.52,25.99,16.66,67.53,87.94,17.64
23.81,21.71,22.36,46.79,42.53,48.52,25.41,80.95,21.41,30.38,28.08,11.61,67.76,15.19,60.53,27.87,29.09,48.37,39.78,68.42,73.88,162.61,43.66,201.75,28.57,52.47,381.19,269.56,14.64,9.33,11.17,24.56,37.83,6.72,15.82,12.74,12.16,7.1,9.58,10.6,62.7,44.8,29.63,40.25,26.02,16.7,67.94,87.11,17.46
24.04,21.81,22.76,47.58,43.23,49.61,25.45,82.52,21.44,30.3,28.68,11.68,68.29,15.38,60.53,27.61,29.29,48.68,40.38,68.93,73.25,164.9,43.66,200.06,28.43,52.47,373.93,267.36,14.39,9.36,11.25,24.63,38.29,6.76,15.75,12.87,11.99,7.04,9.77,10.68,62.94,44.8,29.68,40.3,26.02,16.83,68.02,87.94,17.82
23.84,21.78,22.73,47.95,43.76,50.05,25.74,82.52,21.55,30.67,28.55,11.87,67.99,15.38,60.09,28.3,29.19,48.92,39.78,70.04,72.62,167.18,44,202.17,29.61,52.57,371.02,268.83,14.52,9.49,11.36,24.89,38.56,6.86,15.96,13.11,12.12,7.28,9.72,10.82,63.19,44.8,30.12,41.61,26.09,16.75,68.1,88.35,17.68
23.74,21.71,22.42,47.51,42.99,49.61,25.64,84.1,21.41,30.75,28.36,11.83,69.82,15.27,60.75,28.56,28.82,48.37,39.78,69.27,72.3,165.15,44.13,200.48,30.33,52.47,375.38,273.95,14.35,9.4,11.36,24.92,38.16,6.8,15.85,12.84,11.86,7.16,9.48,10.77,63.19,44.8,30.36,42.29,26.06,16.7,68.27,93.74,17.5
22.99,21.12,21.24,46.06,41.54,47.93,24.31,80.95,20.89,29.89,27.15,11.54,67.76,14.62,59.22,27.74,28.02,46.81,38.81,67.57,70.09,160.07,42.58,188.24,29.7,52.02,365.94,265.53,13.71,8.99,10.71,23.77,36.72,6.48,14.8,12.19,11.17,6.77,8.9,10.25,61.96,44.43,29.83,40.75,25.85,16,66.06,93.74,16.78
22.85,21.28,21.62,46.35,41.84,48.44,24.38,81.35,21.1,29.89,27.5,11.68,69.14,14.37,59.66,27.81,28.29,47.67,39.17,68.08,71.04,162.36,43.86,189.93,29.88,52.2,368.12,267.36,14.01,9.09,10.77,24.13,36.72,6.6,15.25,12.3,11.17,6.8,9,10.28,61.8,44.8,28.94,41.29,25.85,16.54,66.39,94.99,16.85
23.6,21.5,21.76,46.86,43.23,49.61,24.7,81.35,21.17,29.64,27.88,11.76,68.83,14.06,60.31,27.94,28.19,47.36,39.78,70.21,70.09,163.12,43.93,184.87,31.01,52.47,370.29,270.29,13.75,9.27,11,24.66,37.51,6.76,15.67,12.84,11.38,7.22,9.24,10.5,62.53,45.09,29.19,42.52,26.13,16.54,66.88,94.57,17.14
23.23,21.78,22.13,47.8,42.99,49.47,24.96,84.1,20.99,29.72,27.53,11.87,67.91,14.85,60.53,27.97,28.89,47.43,39.29,70.04,70.09,162.1,44.6,186.13,31.19,52.2,370.29,269.19,13.97,9.15,10.97,24.79,37.44,6.71,15.67,12.7,11.21,7.25,9.31,10.41,63.19,45.32,28.85,42.11,26.06,16.46,66.88,96.65,17.6
23.23,21.56,22.02,48.02,43.53,49.32,25.22,83.7,20.92,29.85,28.08,11.79,67.53,14.59,60.75,27.71,29.05,47.98,39.6,69.7,70.09,161.59,44.54,185.71,31.19,52.47,367.39,267.73,13.84,9.24,10.97,24.86,38.56,6.69,15.67,12.6,11.38,7.28,9.6,10.5,62.78,44.8,28.31,41.79,26.16,16.58,67.21,96.23,17.5
22.95,21.47,21.79,47.51,43.15,49.47,24.83,82.92,20.96,29.68,27.82,11.68,67.84,14.79,60.53,27.29,28.65,47.98,39.35,69.87,70.41,160.07,44,188.66,30.73,52.57,365.21,261.5,13.8,9.15,10.77,24.53,38.42,6.64,15.32,12.36,11.26,7.31,9.41,10.31,62.21,44.06,27.92,41.66,26.06,16.37,66.64,92.91,17.86
23.13,21.22,22.05,47.95,43.61,49.98,24.99,84.49,21.27,30.01,28.27,12.09,68.83,15.61,60.75,28.07,29.25,48.76,39.78,70.97,71.67,163.88,46.29,201.75,31.77,52.47,384.09,254.54,14.35,9.46,11.19,24.76,38.69,6.72,15.64,12.53,11.6,7.37,9.53,10.5,62.21,44.35,28.65,42.65,26.13,16.62,66.8,93.33,17.89
23.06,21.09,22.42,48.02,43.23,49.47,24.6,82.52,21.17,29.68,28.49,12.09,68.83,15.44,61.19,28.04,28.75,48.68,41.05,72.08,71.98,162.61,45.89,215.68,31.64,52.57,385.54,254.54,14.18,9.4,11.17,24.83,38.29,6.68,15.46,12.5,11.34,7.28,9.55,10.33,62.04,44.06,28.65,42.65,26.16,16.25,66.96,91.26,17.93
23.13,21.22,22.25,47.58,42.84,49.32,24.83,85.67,21.2,29.81,28.36,11.9,71.89,15.3,62.07,28.3,28.12,48.68,40.75,72.25,71.35,164.64,45.55,218.63,31.77,52.57,383.36,251.25,14.18,9.33,11.22,24.83,38.16,6.65,15.78,12.33,11.34,7.19,9.43,10.41,61.8,44.35,28.31,42.33,26.27,16.54,66.39,97.48,17.93
22.82,20.84,21.5,46.79,42.46,48.81,24.38,84.1,20.82,29.31,27.82,11.76,70.82,15.19,60.97,28.2,27.35,47.82,40.14,72.16,74.51,161.59,45.01,207.66,31.32,52.47,376.1,252.71,13.97,9.24,10.97,24.3,37.18,6.61,15.29,12.3,11.04,7.1,9.31,10.25,61.31,44.06,27.67,41.16,26.27,16.37,65.25,100.38,17.42
23.19,20.97,22.48,47.66,42.99,49.61,24.63,85.28,21.58,29.64,27.92,11.83,71.81,15.35,61.41,28.95,27.65,48.84,41.11,73.27,74.83,163.63,45.14,209.35,31.95,52.57,377.56,251.98,14.18,9.27,11.11,24.59,37.44,6.7,15.6,12.4,11.13,7.13,9.43,10.36,61.31,44.35,27.72,41.66,26.33,16.46,66.47,101.63,18
23.33,21.19,22.71,47.8,43.38,49.61,25.54,86.06,22.17,29.72,28.2,11.79,71.2,15.24,61.41,28.56,27.65,48.92,41.72,74.2,74.19,152.19,45.41,207.24,32.31,52.66,381.19,253.44,14.22,9.33,11.14,24.66,37.31,6.71,15.46,12.33,11,7.1,9.34,10.41,61.55,44.72,27.47,41.11,26.37,16.41,66.55,101.21,18.36
23.19,21.28,22.82,47.8,43.69,49.98,25.28,84.88,22.04,29.52,28.46,11.79,71.51,15.3,60.97,28.82,27.45,48.92,41.59,73.78,73.88,143.05,45.48,195,31.91,52.93,379.73,251.98,14.14,9.24,11.17,25.02,37.51,6.71,15.6,12.26,10.91,7.16,9.29,10.41,61.39,45.09,27.96,40.84,26.37,16.29,66.64,100.38,18.22
22.92,21.15,22.48,47.15,42.99,49.47,25.54,84.1,21.72,29.52,28.08,11.76,70.82,15.1,60.75,28.33,26.92,48.21,41.05,71.74,73.56,143.55,44.94,195.84,31.28,52.75,381.19,250.88,14.14,9.15,11,24.49,36.92,6.63,15.5,12.06,10.7,6.95,9.12,10.25,60.9,44.8,28.65,41.02,26.37,16.17,65.74,99.55,17.93
22.82,20.94,22.48,47.51,42.53,50.05,25.15,84.88,21.76,29.31,28.14,11.57,71.58,15.52,61.41,28,26.85,48.53,41.29,73.69,73.88,145.33,46.02,193.73,31.86,52.66,383.36,251.98,13.97,9.12,11,24.63,37.11,6.65,15.18,12.06,10.57,6.8,9.09,10.31,60.9,45.17,28.31,41.16,26.23,16.21,66.23,97.89,17.71
23.02,21.12,22.33,47.51,42.84,49.61,25.15,84.88,21.76,29.52,28.08,11.54,72.04,15.61,60.97,28.33,27.52,48.29,40.87,73.86,72.93,144.57,46.83,193.73,32.4,52.84,384.09,250.51,14.01,9.12,10.97,24.66,37.31,6.64,14.94,12.19,10.53,6.86,9.14,10.36,60.57,45.39,28.45,41.11,26.37,16.33,66.55,96.23,18
22.95,21.03,22.1,47.37,42.84,50.12,24.96,84.88,21.62,29.19,28.23,11.83,74.11,15.8,60.75,28.3,28.35,48.53,41.11,77.18,73.56,142.54,46.56,193.73,34.25,52.84,383.36,253.08,14.14,9.12,10.91,24.96,37.05,6.64,14.76,12.16,10.61,6.89,9.09,10.25,60.98,45.24,28.21,41.84,26.37,16.21,66.55,99.55,17.75
22.89,21.12,22.48,47.58,43.38,50.49,25.28,86.45,21.93,29.07,28.3,12.13,76.1,15.83,61.63,28.36,28.42,49.07,40.93,77.35,73.25,145.08,46.83,196.68,34.57,52.75,389.17,253.08,14.26,9.18,10.94,25.12,37.77,6.74,15.01,12.26,10.87,7.01,9.24,10.39,61.63,45.17,28.8,41.88,26.37,16.37,66.88,102.04,17.96
22.75,21.06,22.53,47.8,43.61,50.34,25.32,85.67,21.86,29.07,28.46,12.31,75.56,16.14,63.38,28.59,28.55,49.46,41.23,78.28,75.77,146.6,46.63,210.19,34.12,52.93,392.08,253.08,14.26,9.24,11.02,25.16,38.03,6.73,15.11,12.3,10.91,7.04,9.43,10.39,61.72,45.09,29.09,42.15,26.27,16.37,66.64,102.04,18
22.89,21.28,22.39,48.24,44.45,50.93,25.93,88.03,21.97,29.11,28.65,12.27,74.95,16,65.36,28.43,28.49,49.62,41.47,80.75,75.77,149.91,47.17,224.54,34.21,53.38,395.71,252.71,14.26,9.27,11.05,25.16,38.16,6.77,15.25,12.36,10.91,7.1,9.48,10.41,61.8,45.54,28.89,41.75,26.44,16.37,67.21,100.8,18
22.92,21.19,22.25,48.02,44.15,50.93,25.61,86.45,22.11,29.31,28.75,12.2,75.41,15.97,64.7,28.3,28.49,49.46,41.41,80.49,75.46,151.43,46.97,240.16,34.3,54.02,395.71,259.67,14.3,9.27,11.08,25.22,38.03,6.77,15.22,12.4,10.96,7.1,9.46,10.41,61.88,45.83,29.14,41.84,26.61,16.37,66.88,100.38,18
23.3,21.4,22.48,48.45,44.61,50.93,25.67,87.63,22.21,30.22,28.43,12.46,75.33,16.14,65.8,28.33,28.92,49.7,41.72,79.81,76.4,155.5,47.57,241.42,34.53,54.11,395.71,257.47,14.43,9.36,11.19,25.65,38.88,6.86,15.82,12.53,11.21,7.48,9.58,10.6,62.04,45.76,29.29,42.61,26.68,16.54,67.7,101.21,18.14
23.06,21.4,22.48,48.45,44.53,50.78,25.54,88.03,22.11,30.14,28.75,12.5,75.33,16.14,65.8,28.27,28.69,49.38,42.08,79.98,76.09,158.29,46.9,254.08,34.34,53.83,393.53,256.74,14.64,9.36,11.19,25.55,38.49,6.82,15.96,12.5,11.13,7.48,9.53,10.58,61.96,45.83,29.14,42.7,26.47,16.41,66.88,101.21,18.29
23.16,21.4,22.5,48.31,44.61,50.49,25.61,88.42,22.28,30.26,30.76,12.61,75.71,16.14,65.58,28.62,28.82,49.85,42.02,81.17,76.4,157.27,46.76,258.31,34.75,53.83,402.97,258.94,14.85,9.4,11.22,25.78,38.69,6.9,16.13,12.6,11.17,7.48,9.67,10.63,61.96,46.2,29.87,42.74,26.47,16.54,67.12,102.04,18.29
23.16,21.53,22.62,48.82,44.76,50.63,25.93,89.6,22.94,30.22,30.66,12.72,76.48,16.23,66.45,28.88,28.92,50.32,42.08,81.77,78.3,157.02,46.97,276.03,35.02,53.92,405.15,268.46,15.11,9.43,11.36,25.98,39.15,7.23,16.52,12.53,11.43,7.66,9.65,10.71,62.29,46.2,30.41,42.97,26.65,16.62,67.21,101.63,18.29
