1101,1102,1216,1301,1303,1326,1402,1476,2002,2105,2207,2227,2301,2303,2308,2311,2317,2325,2330,2354,2357,2382,2395,2408,2409,2412,2454,2474,2801,2880,2881,2882,2883,2884,2885,2886,2887,2890,2891,2892,2912,3008,3045,3481,4904,4938,5880,6505,9904
25.15,25.29,52.27,69.17,54.47,65.29,23.99,416.81,17.12,49.45,351.23,259.27,29.01,11.29,139.95,34.96,68.52,47.81,129.91,65,248.09,47.64,177.4,40.54,8.79,93.82,234.04,261.24,14.14,13.58,39.57,38.11,7.48,16.42,11.46,19.79,10.01,8.32,14.51,13.57,194.45,2138.41,93.23,9.42,63.16,66.32,12.36,69.73,40.23
25.39,25.05,52.46,69.64,54.57,65.58,23.99,407.23,16.97,50.12,351.23,252.67,30.01,11.24,139.48,34.77,68.61,47.99,128.51,64.05,247.62,47.45,176.11,40.4,8.55,94.39,231.66,254.05,14.23,13.53,38.57,37.29,7.48,16.6,11.27,19.69,9.92,8.27,14.47,13.62,193.96,2074.51,93.61,9.35,62.59,67.44,12.36,69.19,40.76
25.06,25,52.46,69.74,54.57,65.68,23.94,409.28,16.92,50.6,357.97,249.84,29.96,11.24,139.01,34.49,68.52,48.18,126.18,61.27,249.98,46.84,180.86,38.82,8.45,94.3,216.85,240.63,14.32,13.49,37.25,36.61,7.41,16.64,11.22,19.36,10.01,8.25,14.29,13.53,197.85,1927.03,92.75,9.29,62.3,63.6,12.36,69.82,41.15
26.31,25.2,52.17,69.74,54.66,66.06,24.23,401.56,17.07,50.22,347.85,243.24,30.01,10.95,139.01,34.25,67.92,48.36,123.85,61.18,253.77,45.9,177.4,38.14,8.44,94.78,196.79,216.66,14.09,13.26,36.02,35.98,7.19,16.29,10.78,18.85,9.79,7.99,14.07,13.44,190.56,1799.22,92.75,9.36,62.59,61.54,12.18,69.1,40.52
25.97,25.05,51.39,68.21,54,65.2,23.99,406.39,17.02,49.36,340.63,244.18,29.44,10.9,137.13,33.34,67.66,47.62,124.78,60.99,261.82,47.35,175.25,38.78,8.47,94.97,203.95,211.39,14.05,13.26,36.02,36.25,7.2,16.11,10.83,19.08,9.7,8.06,14.16,13.44,191.53,1941.78,92.75,9.35,62.97,62.76,12.18,68.91,41.24
25.01,24.76,50.33,68.5,54,65.77,23.85,402.53,16.97,49.74,327.62,236.64,28.25,10.57,136.19,33,65.4,47.62,123.85,58.31,260.87,47.26,176.97,40.49,8.38,95.54,199.65,212.83,14,13.03,35.43,35.39,6.95,15.33,10.44,18.94,9.21,7.8,13.8,13.3,187.65,1902.45,93.51,9.18,63.07,60.51,11.99,68.91,40.52
25.1,24.62,49.45,69.64,54.38,66.73,23.7,387.56,16.82,49.26,331.47,233.34,28.68,10.62,138.54,33.05,66.18,48.46,123.85,57.07,259.45,47.45,178.27,38.01,8.86,96.5,197.27,195.09,14.05,13.12,35.98,35.3,6.96,15.11,10.4,19.08,9.16,7.79,13.72,13.35,189.1,1809.05,94.65,9.42,63.35,62.38,12.04,69.73,41.05
25.73,24.91,50.72,71.55,54.19,67.4,23.8,393.36,17.07,48.59,333.88,234.76,29.44,10.57,139.01,33.39,66.44,48.64,124.32,56.78,259.92,47.73,180.86,38.37,8.92,96.97,197.27,206.6,14.19,13.12,35.52,34.84,7.04,14.8,10.4,19.03,9.21,7.94,13.98,13.39,194.45,1931.95,94.65,9.62,63.92,63.04,12.08,71.54,40.62
25.73,24.57,51.39,71.84,53.81,67.4,23.94,382.74,17.02,48.4,330.03,230.04,29.01,10.66,134.32,33.34,65.92,48.55,122.46,55.92,259.92,47.73,181.29,38.87,8.76,97.93,198.7,209.47,14,13.08,34.52,33.57,6.91,14.54,10.06,18.85,9.07,7.75,13.85,13.35,191.05,1823.8,94.56,9.55,64.12,61.44,11.95,71.63,38.69
25.87,24.57,51.3,72.13,53.81,67.97,23.8,393.36,17.07,47.92,322.32,224.38,29.16,10.76,135.73,32.96,65.31,48.83,127.58,56.11,262.77,46.98,181.29,38.46,8.42,96.5,195.83,209.47,14.05,12.94,33.43,32.21,6.7,14.41,9.82,18.7,9.07,7.62,13.41,13.3,194.45,1986.02,93.23,9.3,64.21,60.79,11.81,71.45,38.69
25.58,24.47,50.52,72.13,53.71,67.11,23.51,395.29,16.87,47.49,324.24,229.1,29.3,10.66,131.97,33.48,64.97,48.36,127.58,58.79,256.14,46.41,177.84,38.82,8.45,95.54,200.61,209.95,13.95,12.76,33.93,31.76,6.79,14.27,9.91,18.52,9.34,7.64,13.45,13.12,200.28,1961.44,93.23,9.24,64.88,63.69,11.76,71.63,38.59
25.49,24.57,50.91,72.13,53.43,67.11,23.32,403.49,17.12,47.92,323.28,234.76,29.63,10.66,127.27,32.81,65.31,48.36,128.51,59.84,256.14,46.37,177.84,37.33,8.41,96.97,206.82,222.41,13.95,12.85,33.75,32.03,6.85,14.45,9.91,18.85,9.25,7.7,13.49,13.07,204.17,1990.94,93.23,9.25,65.45,65.75,11.9,71,37.48
25.1,24.47,51.39,72.61,53.05,66.25,23.13,393.84,16.73,47.35,309.79,227.21,29.58,10.62,122.58,32.24,63.41,48.55,125.25,57.35,249.51,45.71,174.38,34.8,8.13,96.97,200.61,206.12,13.95,12.9,32.43,30.76,6.67,14.01,9.72,18.42,9.07,7.5,13.14,13.03,205.15,1868.04,92.28,9,65.07,61.91,11.9,71.54,36.37
24.86,24.14,50.72,70.6,52.1,64.91,22.69,389.49,16.73,46.77,308.83,222.03,29.3,10.62,119.76,32.81,63.06,48.18,125.72,57.35,248.56,44.91,167.91,35.16,8.19,96.02,200.61,210.43,13.86,12.62,31.8,30.49,6.53,13.92,9.64,18.14,8.98,7.38,12.83,12.8,201.26,2000.77,92.28,9.11,64.59,62.94,11.72,71.54,35.84
24.67,24.19,50.72,71.08,52.48,65.87,22.6,395.29,17.12,46.82,313.65,222.03,29.82,10.76,125.39,32.43,64.88,47.71,128.97,58.12,252.82,45.75,173.09,36.43,8.25,96.02,202.52,210.43,13.95,12.76,31.8,30.94,6.6,13.92,9.86,18.19,9.07,7.35,12.92,12.89,204.17,1961.44,94.46,9.13,65.07,68.56,11.76,72.36,34.88
24.86,24.38,51.68,72.61,53.52,67.49,22.69,405.42,17.46,47.73,317.98,222.97,30.86,10.95,131.03,33.24,65.92,47.53,129.91,59.27,257.08,48.01,175.25,36.61,8.24,97.45,204.91,219.06,14.37,13.21,32.89,31.98,6.83,14.89,9.96,18.85,9.47,7.72,13.14,13.03,205.15,2040.1,95.04,9.21,66.5,70.34,12.04,73.45,35.94
24.53,24.04,51.39,72.03,52.67,66.82,22.02,401.56,17.41,47.83,311.24,219.67,29.92,11.19,128.21,32.62,65.49,48.18,128.04,58.41,251.88,47.03,173.95,36.33,8.2,97.45,199.65,215.7,14.28,12.99,32.12,30.94,7.25,14.58,9.72,18.66,9.34,7.58,12.87,12.98,203.69,2202.32,93.51,9.32,66.12,67.53,11.9,73.45,35.45
24.53,24.14,52.36,71.55,52.67,67.11,22.02,404.46,17.26,47.83,312.2,219.2,30.72,11.19,126.8,33.29,65.31,48.09,129.91,58.79,252.82,46.98,179.13,35.97,8.11,97.45,201.57,214.26,14.51,13.12,32.16,30.94,7.18,14.36,9.72,18.66,9.34,7.52,12.87,13.07,210.01,2123.67,94.37,9.17,66.88,69.31,11.99,72.72,34.92
24.86,24.23,53.62,72.22,53.33,67.11,22.26,414.11,17.21,48.4,314.13,218.73,32.53,12.19,126.8,33.43,65.14,47.25,130.37,58.12,251.4,48.2,174.38,35.02,8.14,97.93,198.7,220.5,14.65,12.99,32.48,30.99,7.19,14.36,9.72,19.08,9.39,7.64,12.92,13.35,213.9,2221.98,94.75,9.28,65.45,68.75,12.22,72.54,36.42
25.58,25.1,53.82,73.56,54.85,68.36,22.74,455.13,17.36,48.97,327.14,222.5,33.38,12.29,131.03,34.06,67.48,47.62,133.16,60.99,254.24,49.61,171.36,35.84,7.97,98.41,204.43,234.4,15.34,13.44,33.12,32.75,7.46,15.06,9.96,19.93,9.65,8.13,13.76,13.71,213.41,2335.05,95.13,9.26,65.55,70.16,12.63,74.35,39.84
26.26,25.29,53.53,73.08,55.33,68.26,23.27,450.79,17.31,50.12,331.95,224.38,33.14,12.19,132.91,33.91,67.83,47.53,132.23,61.85,257.08,50.18,175.25,36.92,8.15,97.93,207.77,248.3,15.39,13.62,34.71,34.12,7.62,15.5,10.44,20.31,9.79,8.35,14.25,13.8,213.9,2457.95,95.04,9.47,65.55,71.93,12.68,74.26,39.55
26.21,25.49,53.92,72.8,55.99,68.83,23.32,460.44,17.61,51.27,329.54,226.74,33.76,12.34,129.62,33.1,68.96,48.09,134.1,61.85,260.4,50.56,178.7,35.7,8.22,98.41,200.61,241.59,15.06,13.62,34.89,33.57,7.51,14.97,10.44,20.45,9.79,8.27,14.03,13.84,214.87,2310.47,95.04,9.44,66.69,72.78,12.68,74.81,38.69
25.83,25.2,54.59,73.08,56.37,68.83,23.27,447.41,17.95,50.7,323.28,224.86,35.42,12.53,127.74,33.58,68,47.9,132.7,61.66,259.92,51.21,182.58,35.21,8,98.41,202.52,232.48,14.88,13.58,34.98,33.57,7.34,14.58,10.44,20.45,9.65,8.22,13.76,13.71,215.35,2310.47,94.75,9.47,66.5,73.06,12.54,74.72,38.11
25.58,24.67,53.14,71.94,55.8,67.49,23.32,438.24,17.61,50.7,316.05,225.33,34.71,12.34,124.45,32.77,66.44,48.09,135.96,61.08,256.61,49.52,177.84,34.44,7.81,98.41,191.06,227.69,14.51,13.3,34.39,32.48,7.15,14.49,10.2,20.07,9.47,8.11,13.54,13.48,213.9,2310.47,94.75,9.16,66.21,71.47,12.41,72.9,37.24
26.02,24.86,54.59,72.41,56.28,68.26,23.03,444.03,18,50.89,320.87,218.73,33.29,12.62,126.33,32.67,64.79,48.09,135.03,59.74,255.19,50.74,178.7,34.35,7.67,99.84,196.31,222.41,14.65,13.49,33.07,31.76,7.19,14.54,10.11,20.07,9.34,8.13,13.23,13.71,215.35,2344.88,94.27,8.9,67.17,71.47,12.45,73.08,38.25
27.17,25.82,54.79,72.99,56.94,68.55,24.04,444.03,18.49,52.61,320.87,220.61,35.33,12.58,132.44,32.77,66.44,47.62,137.36,61.47,257.56,50.84,177.4,35.02,8.01,100.32,202.04,240.15,15.06,13.8,34.84,33.25,7.4,14.58,10.49,20.45,9.79,8.41,13.72,13.89,217.78,2526.77,95.13,9.11,66.6,73.62,12.73,72.99,38.35
27.08,26.02,54.4,73.37,57.22,68.45,23.7,435.83,18.54,52.42,325.69,221.56,35.76,12.67,130.56,35.92,66.53,47.99,137.82,61.37,259.92,51.31,178.27,35.34,7.88,100.8,200.61,236.79,14.79,13.58,34.25,32.66,7.36,14.41,10.4,20.35,9.74,8.33,13.58,13.71,214.38,2413.7,96.56,8.88,65.93,73.25,12.68,73.45,38.88
27.94,26.02,55.27,74.23,58.36,69.7,23.89,426.18,18.63,52.61,330.03,223.44,35.42,12.82,131.03,35.63,67.4,48.09,140.61,62.04,261.82,52.06,182.58,35.34,8.04,99.84,210.16,241.59,14.79,13.76,34.8,33.48,7.42,14.93,10.49,20.5,9.83,8.35,13.8,13.8,220.7,2423.54,97.03,8.95,66.41,74.28,12.63,75.26,40.04
27.99,25.97,55.27,74.61,59.03,69.5,23.89,413.63,18.63,52.8,329.06,221.56,35.61,12.62,132.44,35.82,66.53,48.46,140.61,60.99,257.08,52.53,186.04,36.02,7.89,100.32,210.64,242.55,14.97,13.94,34.8,33.57,7.34,15.19,10.44,20.35,9.65,8.29,13.8,13.93,220.7,2492.36,96.08,8.99,65.83,73.53,12.77,75.26,39.7
28.18,26.31,55.08,74.33,58.74,69.12,24.18,406.39,18.93,52.99,326.65,219.67,35,12.62,131.03,34.87,66.53,47.9,140.61,62.13,255.66,53,187.76,36.61,7.81,99.36,218.76,242.07,14.79,13.94,34.84,33.48,7.39,15.11,10.4,20.45,9.74,8.24,13.85,13.93,217.3,2512.02,96.08,8.86,65.93,74.18,12.73,74.54,39.99
28.18,26.11,54.88,73.94,58.17,69.31,24.28,414.11,19.76,53.47,324.73,219.67,35.61,12.62,128.21,35.54,66.79,47.9,139.22,63.09,256.14,51.87,191.22,36.38,7.96,99.36,220.67,236.79,14.88,13.94,35.11,33.66,7.4,14.97,10.44,20.45,9.83,8.27,13.94,13.93,217.78,2516.94,97.03,8.98,65.07,73.34,12.77,74.81,39.89
28.09,26.31,53.53,73.56,59.22,69.89,23.8,413.14,19.71,53.66,325.69,217.31,35.85,12.62,124.92,35.25,66.36,45.03,137.82,62.33,252.82,52.34,186.04,36.38,8.33,98.41,216.85,239.67,14.92,13.85,34.84,33.21,7.41,14.93,10.35,20.35,9.65,8.2,13.8,13.89,219.73,2512.02,95.13,9.18,64.97,72.59,12.77,75.71,38.3
28.37,26.74,54.69,74.71,58.84,69.89,23.99,412.66,19.76,55.77,330.51,216.37,35.47,12.67,122.58,35.77,68.09,47.62,140.15,62.52,258.03,52.25,187.33,36.52,8.46,99.84,224.01,241.11,14.97,13.99,35.52,33.48,7.46,14.8,10.44,20.45,9.74,8.27,14.07,13.89,220.22,2497.27,97.03,9.72,65.83,72.59,12.82,76.53,40.09
28.86,26.59,55.56,75.47,60.55,71.61,24.28,405.42,20.15,55.77,331.95,217.78,36.42,12.77,126.33,36.25,67.66,47.53,138.75,62.61,258.98,52.91,198.55,37.24,8.37,99.84,225.45,249.26,15.06,14.08,35.84,33.84,7.5,15.06,10.35,20.64,9.88,8.33,14.33,14.03,219.24,2492.36,97.51,9.48,66.31,74,12.95,76.53,39.8
28.71,26.55,55.47,75.95,61.49,71.71,24.47,394.32,20.15,55.57,328.1,218.26,36.14,12.82,126.33,35.82,67.4,47.25,141.55,63.28,258.5,53.19,201.14,36.92,8.4,100.8,222.1,263.64,14.97,14.03,35.8,33.62,7.5,15.02,10.49,20.54,9.83,8.31,14.29,14.16,216.33,2674.25,98.46,9.44,66.6,74.93,12.91,78.25,40.33
28.81,26.45,54.79,76.43,61.31,72.38,24.95,392.87,20.44,55.48,329.06,217.31,35.42,12.77,128.68,36.59,68.96,47.07,142.48,66.24,259.45,53.38,198.55,36.52,8.53,100.8,223.54,266.99,15.11,14.17,36.48,34.66,7.56,15.06,10.73,20.54,10.01,8.42,14.42,14.25,222.16,2693.91,98.46,9.82,66.31,76.15,13.05,77.62,40.33
29.24,27.08,55.18,76.43,62.54,73.24,25.81,395.29,21.27,55.19,333.4,222.5,35.71,12.86,132.44,36.54,69.82,47.25,143.41,67.87,263.24,54.13,198.55,36.43,8.54,101.27,229.27,259.8,15.39,14.35,37.39,35.79,7.66,15.59,11.22,21.01,10.1,8.69,14.73,14.39,222.16,2639.84,98.94,10.21,67.17,74.93,13.18,77.71,40.71
28.61,26.93,54.98,76.43,62.63,73.81,25.91,405.42,21.52,55.57,337.25,226.74,34.47,12.82,132.44,36.3,71.91,46.7,142.01,68.54,257.56,53.57,202.44,37.46,8.44,101.27,229.27,264.12,15.29,14.44,37.66,35.7,7.77,15.81,11.51,21.3,10.19,8.67,14.82,14.39,224.1,2713.57,97.03,10.31,66.88,74.18,13.14,79.43,40.23
29.29,27.94,55.66,76.43,63.58,75.15,26.77,395.77,22.11,56.24,335.33,229.1,34.71,12.82,131.97,36.11,70.78,45.63,141.55,67.49,263.24,53.57,199.42,38.59,8.32,101.27,224.49,261.24,15.29,14.44,37.25,35.93,7.84,15.98,11.51,21.67,10.37,8.77,14.91,14.43,222.16,2649.67,98.46,10.06,67.07,74.09,13.18,80.88,40.42
29.43,28.23,55.76,76.43,63.77,76.21,26.44,390.94,22.2,56.82,345.93,226.74,35.14,12.62,132.44,36.49,71.99,46.51,141.55,69.02,258.98,53.85,204.6,37.42,8.64,100.32,224.49,258.84,15.25,14.49,37.48,35.98,7.79,15.85,11.56,21.53,10.28,8.77,14.78,14.39,220.22,2590.68,97.98,10.95,65.83,73.81,13.18,79.79,40.42
28.81,28.04,55.27,74.9,63.11,74.87,25.96,396.25,21.32,56.72,336.29,225.33,35.04,12.34,130.56,35.73,71.82,45.21,142.48,68.63,266.08,53.85,198.55,36.92,8.64,100.8,227.84,262.2,15.25,14.26,36.98,35.84,7.7,15.89,11.36,21.53,10.33,8.68,14.78,14.39,215.35,2531.69,97.03,10.8,67.07,73.53,13,79.98,39.65
29.53,28.28,55.76,75.47,62.44,73.91,26.1,397.7,21.37,56.72,342.07,222.97,34.71,12.58,133.38,35.44,71.99,44.94,143.87,68.35,271.76,53.76,202.87,36.65,9.01,101.27,222.1,258.36,15.39,14.35,36.48,35.61,7.79,15.85,11.56,21.58,10.42,8.76,14.69,14.43,218.76,2521.85,97.51,10.95,66.69,73.81,13.18,78.98,40.04
29.24,28.52,55.47,75.47,62.44,74.67,26.34,404.46,21.71,58.54,344,222.5,34.95,12.67,131.97,35.82,72.17,46.79,144.34,67.87,270.81,54.04,202.87,37.01,9.01,101.27,230.22,263.16,15.48,14.39,36.75,35.75,7.87,15.94,11.51,21.58,10.42,8.81,14.95,14.39,221.67,2566.1,97.98,10.99,67.07,74.93,13.23,79.43,39.65
29.53,28.18,55.08,75.28,62.25,73.91,25.96,411.7,21.67,58.73,345.93,219.2,34.38,12.82,133.38,35.49,72.86,46.51,145.27,69.3,273.65,54.32,202.87,37.96,9.13,101.27,248.37,269.39,15.48,14.39,37.07,35.88,7.9,16.03,11.46,21.48,10.37,8.95,15.04,14.43,220.7,2575.93,97.98,11.09,67.17,74.56,13.23,79.34,39.46
28.95,28.09,55.76,74.99,61.49,73.62,25.96,404.46,21.42,57.39,337.74,218.73,34.47,12.67,130.56,34.58,71.39,46.97,143.87,67.77,268.92,54.32,202.44,36.92,9.09,102.23,236.91,264.6,15.25,14.17,36.16,35.02,7.75,15.89,11.07,21.11,10.15,8.64,14.69,14.39,219.24,2428.45,97.98,10.6,67.36,73.62,13.09,79.16,38.98
29.24,28.52,55.27,74.42,62.35,74,26.05,407.83,21.71,58.06,337.25,217.31,35.23,12.67,133.38,34.25,71.99,47.16,145.27,69.11,271.29,54.42,202.87,37.51,9.34,102.71,241.21,270.35,15.48,14.17,36.52,35.39,7.8,16.03,11.22,21.39,10.33,8.76,14.73,14.43,222.65,2546.43,97.51,10.95,67.93,75.31,13.09,79.79,39.36
29.67,28.52,56.34,75.47,62.16,74.67,26.39,410.25,21.91,58.63,339.18,215.9,35.76,12.72,132.44,34.87,71.56,46,147.6,69.21,272.71,55.55,210.64,36.83,9.16,103.18,241.21,267.95,15.62,14.39,36.98,35.52,7.89,16.2,11.36,21.53,10.33,8.88,14.95,14.52,221.19,2497.27,99.41,10.65,68.79,76.15,13.23,81.43,39.55
30.39,29.15,56.73,76.9,63.68,76.4,26.44,427.62,22.06,60.17,339.66,216.37,35.76,12.72,134.79,35.25,72.86,45.63,148.53,69.78,275.08,56.11,210.64,36.65,9.23,103.66,246.46,282.33,15.71,14.53,36.89,35.75,8,16.03,11.41,21.67,10.46,8.98,15,14.57,217.3,2516.94,97.98,10.7,68.6,75.68,13.27,84.06,39.75
30.44,28.91,56.05,76.33,63.87,75.44,26.1,433.9,22.01,58.83,345.44,217.78,36.33,12.77,136.66,35.3,73.29,45.4,149,69.59,273.65,55.73,202.87,36.2,9.25,103.18,245.51,277.54,15.71,14.35,36.7,35.48,7.98,15.89,11.41,21.63,10.42,8.86,15.04,14.52,217.78,2521.85,98.94,10.9,68.12,74.18,13.23,82.33,41
30.87,29.44,56.24,76.04,63.58,75.54,26.39,445.96,22.15,59.59,342.07,218.73,36.14,12.72,137.13,34.87,73.12,45.07,147.6,68.63,273.65,55.64,206.32,36.02,9.06,104.14,236.91,273.22,15.57,14.44,36.66,35.16,7.97,15.85,11.17,21.58,10.33,8.87,14.91,14.52,214.38,2556.27,99.89,10.7,67.65,72.68,13.23,85.69,40.95
30.39,29.39,56.73,76.33,63.49,75.54,26.05,408.8,22.15,60.07,341.11,218.26,36.28,12.62,136.19,35.3,73.03,44.8,148.53,68.25,274.13,54.6,208.91,36.06,9.03,104.14,232.61,271.79,15.66,14.53,36.34,35.07,7.98,15.85,11.22,21.67,10.33,8.88,14.91,14.52,216.81,2541.52,99.89,10.7,68.79,70.72,13.27,84.33,40.42
29.67,29.1,55.85,76.62,64.06,76.3,26.1,394.32,22.15,59.88,343.52,217.78,36.42,12.67,134.32,35.06,73.29,45.63,147.6,68.73,273.65,54.32,207.19,36.11,8.86,105.09,235,263.64,15.57,14.44,36.16,34.39,7.97,15.94,11.22,21.63,10.28,8.96,14.95,14.48,221.19,2502.19,99.89,10.65,69.17,71.28,13.23,84.6,40.57
30.11,28.81,55.18,75.66,63.3,75.25,25.81,400.59,22.01,58.35,339.66,216.37,35.61,12.53,131.5,35.06,72.69,48.83,147.13,67.97,271.76,53.29,202.87,36.2,8.87,105.57,232.61,255.49,15.62,14.39,36.3,34.39,7.98,15.81,11.12,21.63,10.28,8.94,14.87,14.43,217.78,2428.45,99.41,10.6,68.89,71.28,13.18,83.69,40.91
30.15,28.28,55.95,76.43,63.58,75.54,25.67,400.59,21.67,60.55,333.88,216.84,35.99,12.53,130.56,35.15,73.29,48.73,148.06,68.06,272.23,53.1,203.3,35.97,9.04,104.62,229.27,243.02,15.62,14.39,36.3,34.39,7.9,15.85,11.17,21.58,10.24,8.89,14.78,14.43,215.84,2394.04,99.41,11.09,68.7,71,13.14,83.24,41.44
29.53,28.04,54.79,76.04,63.11,75.15,25.24,396.73,21.62,61.31,333.4,199.4,36.18,12.34,128.68,35.2,72.6,48.73,148.06,66.72,271.29,52.25,204.17,36.06,8.92,104.14,233.09,241.11,15.48,14.35,35.84,33.84,7.81,15.76,11.02,21.58,10.06,8.88,14.69,14.34,219.24,2379.29,98.46,10.85,68.31,70.25,13.18,81.88,38.35
30.06,28.86,54.59,77.19,64.15,76.69,25.86,399.15,21.71,61.03,340.14,191.39,37.32,12.67,133.38,35.15,72.6,47.62,150.39,66.72,270.81,53.57,202.87,36.15,9.06,105.57,238.34,255.97,15.71,14.44,36.11,34.43,8.05,15.85,11.22,21.58,10.28,8.96,15,14.43,228.97,2536.6,99.41,11.14,68.31,71.65,13.23,84.33,38.83
30.3,28.33,54.79,76.24,64.15,76.78,25.24,408.8,21.91,61.89,341.11,194.69,37.32,12.72,133.38,35.77,73.55,48.18,150.86,69.02,273.65,52.91,204.17,36.11,8.99,104.62,235.96,253.09,15.25,14.53,37.25,34.98,8.08,15.76,11.12,21.58,10.19,9.09,15.04,14.39,227.99,2453.03,99.41,11.04,68.79,70.34,13.18,83.88,39.55
29.62,27.65,54.11,75.95,63.49,77.64,24.57,403.01,21.47,61.22,333.4,192.33,36.66,12.58,131.5,34.72,71.99,47.44,147.6,69.21,268.45,52.72,202.87,36.06,8.84,104.62,230.22,248.3,15.39,14.26,36.7,34.25,7.95,15.81,10.98,21.34,10.15,8.94,14.82,14.39,229.45,2467.78,99.41,10.99,67.93,68.75,13.14,84.24,38.64
28.86,26.98,53.92,74.23,62.63,75.34,23.85,394.8,20.93,61.03,325.21,189.97,37.99,12.19,131.5,33.72,70.43,47.53,142.94,69.21,268.45,51.97,195.96,35.48,8.55,102.23,220.67,252.13,15.2,14.21,35.48,33.39,7.7,15.5,10.93,21.01,9.97,8.77,14.42,14.21,225.08,2433.37,97.51,10.8,67.26,68.09,13.09,81.34,37.58
28.71,26.55,53.53,74.8,61.49,75.25,23.65,395.77,20.3,60.17,318.46,188.56,37.66,12.05,129.15,33.15,70.69,46.88,143.87,67.77,268.45,51.78,196.4,35.11,8.37,103.18,218.76,243.98,15.16,14.08,35.71,33.03,7.65,15.37,10.59,21.01,10.06,8.69,14.2,14.07,221.19,2472.7,98.94,10.55,67.45,69.12,13,81.25,38.59
29.05,26.55,53.92,75.38,62.25,76.69,23.27,395.29,20.74,60.26,313.65,186.2,37.28,12.19,131.5,33.15,71.04,46.88,146.67,67.97,268.45,52.25,195.1,34.89,9.02,103.66,219.24,244.94,15.06,14.03,35.98,32.94,7.7,15.46,10.49,20.97,10.1,8.83,14.42,14.12,221.67,2403.87,98.94,10.9,67.45,68.28,13,81.52,38.69
29.05,26.74,55.18,75.47,62.16,77.07,24.04,385.15,20.69,62.17,318.46,186.2,37.47,12.05,131.5,33.82,70.43,46.51,147.6,68.44,267.5,52.25,197.69,34.89,9.15,104.62,221.63,248.78,15.43,14.12,35.66,32.57,7.65,15.46,10.49,21.2,10.06,8.86,14.33,14.16,218.76,2443.2,100.84,10.95,68.6,66.88,13,81.43,38.88
29.34,26.93,55.37,75.95,61.97,77.55,23.8,347.02,21.13,62.65,317.5,186.2,37.23,12.34,129.62,33.05,71.13,46.51,147.6,68.63,267.03,52.25,193.37,34.26,9,104.62,212.07,246.86,15.34,14.17,35.84,32.48,7.64,15.33,10.3,21.3,10.24,8.77,14.38,14.21,221.67,2335.05,100.36,10.8,68.22,65.75,13,82.79,38.49
30.39,27.7,56.44,77.1,61.97,78.79,24.18,357.16,21.86,63.13,329.54,188.56,37.37,12.34,132.44,33.48,72.6,47.34,150.39,69.21,270.81,52.72,197.26,34.03,9.16,105.09,215.42,255.01,15.48,14.44,36.34,32.98,7.84,15.68,10.4,21.48,10.33,8.87,14.42,14.43,225.08,2364.55,100.36,10.99,68.98,69.03,13.14,83.97,39.31
31.74,28.47,56.15,77.76,61.78,81.09,24.09,367.78,22.25,64.37,324.73,188.56,38.08,12.29,134.32,33.39,71.47,47.44,150.39,69.59,268.45,52.63,199.85,34.89,9.18,104.62,220.67,258.36,15.29,14.44,36.7,32.94,7.91,15.72,10.49,21.63,10.33,8.98,14.42,14.3,222.65,2335.05,99.89,10.95,68.22,67.81,13.14,83.6,39.94
32.27,28.81,57.21,78.34,62.92,81.18,24.71,365.36,22.2,64.57,338.22,194.69,37.8,12.29,140.89,33,71.91,47.25,148.53,69.59,269.39,52.06,200.71,35.16,9.2,105.57,223.54,253.09,15.43,14.44,37.02,33.21,7.93,15.81,10.59,21.67,10.46,9.02,14.51,14.39,228.48,2423.54,101.31,10.99,68.5,68.84,13.14,85.24,39.55
32.65,28.91,57.31,77.57,62.92,81.28,24.18,358.6,21.96,64.85,334.84,193.74,38.13,12.34,141.83,32.77,71.65,46.79,147.13,69.3,270.34,52.06,199.85,35.34,9.27,106.05,224.01,241.59,15.66,14.39,36.34,33.25,7.9,15.85,10.54,21.67,10.55,9.01,14.56,14.39,230.42,2398.96,101.31,10.9,69.27,68.19,13.18,83.88,39.36
32.22,28.09,56.53,77.96,62.63,82.33,24.18,364.88,22.2,65.52,325.21,190.92,38.37,12.1,138.07,33.67,70.69,46.19,146.67,67.49,270.81,52.72,194.67,35.7,9.12,104.62,222.1,227.21,15.39,14.39,36.39,32.71,7.89,15.76,10.4,21.67,10.73,9.01,14.56,14.25,232.37,2339.97,101.31,10.8,69.36,66.03,13.14,84.33,39.46
31.6,27.85,56.44,77.19,61.21,80.9,23.51,356.19,21.86,64.57,313.65,188.56,37.89,12.05,137.6,32.81,68.7,46.7,143.41,65.77,271.76,51.31,193.37,34.75,9.12,104.14,221.63,232.96,15.29,14.12,36.02,32.53,7.84,15.5,10.25,21.67,10.6,8.86,14.42,14.16,226.05,2315.39,100.84,10.65,68.7,65.19,13,82.97,38.64
32.22,28.52,56.34,76.62,60.74,80.9,23.99,361.02,22.35,66.77,315.57,187.62,37.7,12,140.42,32.96,69.65,46.32,146.2,67.01,268.92,51.5,195.53,34.26,9.19,105.09,223.54,229.12,15.43,14.3,35.8,32.85,7.92,15.54,10.3,21.67,10.55,8.85,14.42,14.3,230.42,2320.3,100.84,10.6,69.27,65.57,13,82.61,38.4
31.84,28.18,56.73,77.38,61.68,80.51,23.85,350.88,22.35,66,313.65,187.62,38.18,12.15,140.89,32.38,70.26,46.14,145.74,66.63,272.23,51.03,192.08,33.62,9.2,105.57,219.72,223.85,15.62,14.26,36.2,32.8,7.92,15.41,10.4,21.72,10.69,8.85,14.47,14.21,226.05,2202.32,100.84,10.65,69.17,63.88,13.09,82.15,39.12
31.93,28.18,57.02,78.24,61.21,80.42,24.09,366.81,22.5,65.81,317.5,192.33,37.99,12.15,141.83,31.33,69.65,46.51,146.67,66.63,272.23,51.31,195.96,34.44,9.05,106.53,217.8,225.29,15.66,14.35,36.16,32.94,7.95,15.68,10.4,21.67,10.87,8.88,14.6,14.3,227.99,2133.5,100.84,10.45,70.03,64.16,13.14,83.24,39.84
31.69,28.43,56.82,77.19,61.02,80.13,23.89,366.81,22.74,65.9,320.87,193.27,37.8,12.15,142.77,31.81,69.56,46.32,147.13,66.24,272.71,51.69,193.81,34.03,8.85,105.09,225.92,226.73,15.62,14.35,36.57,33.25,7.99,15.76,10.54,21.67,10.96,8.88,14.64,14.34,226.05,2212.15,101.31,10.21,69.74,65.38,13.14,82.97,39.55
31.74,28.18,57.21,78.05,61.68,80.61,23.56,367.78,22.99,65.81,316.05,196.1,36.61,12,143.24,31.29,68.96,46.32,145.74,66.15,272.23,52.25,197.69,33.98,8.89,105.09,231.18,223.85,15.62,14.26,35.89,33.21,7.99,15.85,10.59,21.81,11,8.92,14.56,14.34,226.05,2202.32,101.31,10.11,70.32,65.66,13.05,83.88,39.51
31.98,27.99,57.31,77.86,60.74,80.51,23.03,364.88,22.69,65.04,310.75,193.74,37.32,11.48,140.42,30.76,68.18,46.28,142.48,65,270.81,50.84,195.1,34.8,8.86,104.14,225.45,222.41,15.62,14.08,35.3,32.89,7.8,15.59,10.3,21.77,10.64,8.75,14.56,14.16,220.7,2202.32,100.84,9.87,69.65,63.69,12.95,85.14,40.13
31.64,27.7,56.44,76.71,59.98,78.89,23.17,355.71,22.15,64.18,307.38,190.44,37.32,11.48,140.89,28.99,66.88,44.38,139.68,63.66,268.45,48.96,196.83,34.08,8.73,104.14,219.72,217.62,15.57,14.21,35.66,32.89,7.73,15.68,10.3,21.58,10.96,8.73,14.51,14.3,222.16,2231.82,101.31,9.82,69.46,63.97,13.05,83.15,39.27
31.4,27.61,56.05,75.47,59.5,77.36,23.08,341.71,21.91,63.03,305.94,188.56,35.61,11.14,137.13,29.66,65.57,43.08,137.36,63.85,259.45,49.43,198.12,33.8,8.38,105.57,201.57,210.91,15.34,14.35,35.39,32.89,7.62,15.5,10.3,21.77,10.78,8.7,14.6,14.7,217.78,2256.4,102.27,9.62,70.6,62.76,12.95,82.79,38.59
29.82,26.45,54.88,74.13,57.51,76.11,22.17,336.4,20.59,62.37,292.45,185.73,36.47,10.95,132.44,28.99,65.66,40.12,136.89,63.85,256.14,48.2,192.94,33.67,8.1,105.57,192.49,205.16,15.29,14.26,34.52,32.57,7.52,15.46,9.96,21.72,10.73,8.56,14.51,14.66,217.3,2241.65,102.27,9.34,71.37,62.57,13,80.34,37.38
29.62,26.16,55.18,73.75,57.41,75.92,22.55,324.34,20.34,61.98,294.86,189.03,35.66,10.81,133.38,28.04,65.4,40.58,137.36,61.66,255.66,47.83,190.35,33.89,8.06,104.62,193.92,193.65,15.11,14.12,34.34,32.57,7.43,15.15,9.91,21.48,10.6,8.45,14.47,14.57,219.73,2266.23,101.31,9.4,70.6,63.51,12.82,80.07,37.82
29.53,26.21,55.56,74.33,57.13,76.97,22.26,333.02,20.44,60.83,289.56,184.32,34.95,10.81,131.97,28.08,64.01,41.6,137.82,60.03,249.98,48.01,189.49,34.26,8.02,105.09,183.41,205.16,14.97,14.03,33.62,32.39,7.33,14.76,9.82,21.48,10.73,8.43,14.33,14.48,219.73,2295.72,101.79,9.31,69.94,61.35,12.63,81.61,37.24
28.86,25.82,54.79,74.13,58.36,76.88,22.17,299.72,20.34,61.7,288.11,183.84,35.66,10.76,132.44,28.13,62.97,42.02,137.36,61.47,250.46,47.64,189.49,34.44,8.19,105.57,187.24,204.2,14.74,14.03,33.52,32.21,7.3,14.8,9.86,21.58,10.6,8.35,14.25,14.39,218.27,2457.95,102.74,9.37,70.51,62.29,12.68,82.15,37.34
29.05,25.58,54.88,73.66,58.74,76.88,22.41,310.34,19.95,61.41,284.26,185.26,36.37,10.76,132.44,28.42,64.88,41.69,136.89,62.04,249.04,48.39,189.06,34.35,8.1,106.05,194.88,207.07,14.88,14.03,33.52,32.03,7.4,14.93,9.86,21.72,10.78,8.38,14.38,14.43,217.78,2487.44,105.12,9.45,71.18,60.98,12.59,80.16,37.34
28.52,24.67,55.56,73.56,58.55,79.75,22.12,299.24,19.95,60.83,286.18,186.2,35.99,10.76,132.44,28.56,64.19,41.46,136.89,62.71,246.19,50.18,189.06,33.94,7.97,105.57,191.06,201.32,14.79,14.03,33.3,31.89,7.27,14.67,9.86,21.53,10.64,8.34,14.2,14.34,219.73,2644.75,105.59,9.32,71.46,61.16,12.54,78.43,38.45
28.57,25.05,56.63,73.66,58.27,79.56,22.02,279.93,20.05,61.98,279.92,183.84,35.57,10.9,131.03,27.99,63.58,41.14,135.96,61.75,257.56,51.21,188.19,34.35,8.13,106.53,191.06,207.07,14.83,14.12,32.89,31.76,7.28,14.71,9.86,21.58,10.64,8.35,14.25,14.39,227.51,2595.59,105.59,9.37,71.56,58.63,12.63,80.34,38.59
27.89,24.62,58.96,73.08,56.47,78.31,21.69,277.04,19.61,63.99,267.39,183.37,36.61,10.81,131.97,27.37,64.53,41.55,134.1,62.71,249.04,51.21,191.65,36.06,7.97,107.01,191.06,201.8,14.69,14.35,32.43,31.39,7.14,14.71,9.82,21.81,10.37,8.33,14.29,14.39,228.97,2590.68,105.12,9.06,71.75,56.57,12.54,77.35,38.73
27.51,23.85,58.57,73.75,56.66,77.45,21.4,284.76,19.42,62.65,280.88,189.5,37.09,10.95,131.5,28.08,64.19,45.03,134.56,64.14,244.77,51.5,195.1,36.15,7.97,105.57,192.49,206.12,14.65,14.12,32.71,31.39,7.12,14.89,9.86,21.67,10.37,8.29,14.42,14.43,233.83,2526.77,105.12,9.02,71.65,58.82,12.41,77.53,40.13
27.89,23.8,58.38,73.66,56.37,79.08,21.3,282.35,19.56,63.9,282.33,188.56,37.85,11.05,131.97,27.94,64.45,43.04,136.89,66.34,241.46,52.16,197.69,35.61,7.94,105.57,193.45,211.39,14.74,14.21,33.02,31.62,7.27,15.33,9.86,21.67,10.46,8.38,14.6,14.48,234.31,2575.93,106.07,9.01,71.56,58.45,12.54,79.79,39.89
27.41,23.37,58.28,74.23,56.28,80.42,21.26,289.1,19.51,65.62,282.81,189.97,38.75,11.05,131.5,27.94,64.53,43.17,136.89,68.06,245.25,52.63,197.69,34.98,7.85,106.05,194.4,213.31,15.06,14.39,33.25,31.58,7.19,15.28,9.82,21.86,10.42,8.33,14.56,14.61,233.34,2575.93,106.55,8.91,72.42,57.32,12.68,80.88,40.42
26.64,23.03,57.6,72.51,56.37,76.4,21.21,283.79,19.17,63.13,276.55,188.56,38.79,11,129.62,27.7,64.36,42.25,136.89,67.68,240.99,51.87,196.83,34.62,7.81,104.62,191.06,210.91,14.92,14.3,32.98,31.89,7.16,15.11,9.86,21.58,10.51,8.3,14.42,14.48,234.31,2556.27,105.12,8.9,71.84,57.32,12.45,80.07,40.33
27.22,22.93,58.18,72.89,56.18,77.36,21.54,284.76,19.37,64.09,280.88,190.44,38.89,11.05,129.62,27.7,64.19,43.04,138.29,67.58,239.57,51.5,194.24,35.34,7.94,105.09,192.97,221.45,14.79,14.21,33.12,31.85,7.25,15.15,9.82,21.67,10.55,8.43,14.47,14.48,231.4,2600.51,105.59,9.03,71.46,56.57,12.45,78.71,40.47
27.7,23.56,58.86,73.56,57.7,77.16,22.12,297.31,19.86,64.18,291.97,192.8,38.75,11.29,132.91,29.85,67.14,45.21,143.41,68.73,254.24,53,201.58,35.88,8.43,105.09,200.61,243.02,15.06,14.39,34.39,33.3,7.44,15.41,10.15,22.1,10.78,8.56,14.6,14.52,234.31,2664.42,105.12,9.57,72.42,62.19,12.68,81.43,40.81
27.8,23.08,58.18,74.8,57.22,78.03,21.83,293.45,19.42,66.19,290.04,194.22,40.27,11.29,132.44,31,66.27,46.32,140.61,69.21,250.93,53.76,199.85,35.66,8.26,105.57,199.65,238.71,14.97,14.44,33.62,33.03,7.44,15.15,10.01,21.91,10.73,8.49,14.6,14.57,234.31,2630,105.59,9.28,72.03,61.16,12.59,81.06,40.91
28.13,23.27,58.96,75.47,57.98,77.83,22.12,299.24,19.71,66.1,291.97,195.63,40.17,11.48,133.38,31.57,68,46.79,143.87,69.69,252.82,53.57,204.17,35.07,8.33,105.57,201.57,231.04,15.16,14.53,34.25,33.75,7.49,15.59,10.2,22.1,10.78,8.56,14.73,14.61,236.26,2684.08,106.07,9.37,71.37,63.32,12.68,82.06,40.71
28.18,22.98,58.28,74.61,57.6,76.97,22.07,315.17,19.95,63.99,291.97,194.69,40.36,11.57,134.79,31.57,67.74,46.79,144.34,69.49,256.61,53.94,204.6,35.16,8.33,105.09,204.43,231.52,15.16,14.58,33.98,33.57,7.47,15.46,10.15,22.19,10.69,8.59,14.73,14.61,232.85,2639.84,104.64,9.42,70.7,62.1,12.73,80.61,40.71
28.33,23.56,58.38,74.9,57.7,78.03,22.17,318.55,19.95,65.04,300.16,195.16,39.89,11.62,134.32,34.72,68,49.29,145.74,69.88,258.03,53.85,207.62,35.97,8.38,105.57,203,235.83,15.25,14.85,34.34,34.12,7.59,15.54,10.35,22.19,10.87,8.72,15.04,14.75,233.83,2639.84,105.59,9.6,71.27,62.38,12.82,81.52,41.34
28.52,23.7,59.73,75.57,58.74,78.12,22.45,330.13,19.95,65.14,303.53,202.7,39.93,11.67,139.01,35.25,68.96,49.29,146.2,70.16,267.97,54.51,208.91,36.74,8.29,105.09,206.82,237.27,15.29,14.89,34.98,34.52,7.69,15.85,10.44,22.33,10.96,8.72,15.18,14.88,239.66,2708.66,106.07,9.45,71.56,63.32,12.91,81.7,42.26
28.9,23.94,60.22,75.47,59.03,78.7,22.07,337.85,19.81,64.09,300.16,202.7,39.89,11.67,140.89,35.25,69.48,49.1,145.74,71.22,265.13,54.6,208.05,35.88,8.42,105.09,210.16,237.75,15.29,14.76,34.98,34.21,7.72,15.98,10.64,22.52,11.05,8.75,15.13,14.93,240.63,2674.25,106.07,9.49,71.65,63.6,13.09,80.7,42.21
28.76,24.04,60.8,75.47,58.84,78.41,22.41,331.09,20.49,64.76,303.05,202.7,40.41,11.72,142.3,34.72,69.91,49.1,148.06,71.22,264.19,54.6,210.64,35.75,8.66,105.57,212.07,240.63,15.34,14.94,35.43,34.48,7.76,15.89,10.59,22.76,11.09,8.74,15.22,15.07,244.52,2782.4,105.12,9.8,71.94,64.63,13.05,79.7,42.01
28.86,23.99,61.48,75.38,58.55,78.79,22.21,307.44,20.2,65.14,298.23,198.46,40.69,11.72,139.01,35.06,68.78,49.01,148.06,70.55,263.24,54.6,209.78,36.06,8.55,106.05,205.39,234.88,15.34,14.89,35.25,34.48,7.7,15.94,10.4,22.9,11.05,8.77,15.13,15.02,241.61,2782.4,105.12,9.57,71.27,63.32,13,79.98,41.15
29.53,24.86,60.9,75.47,59.22,78.5,22.55,304.07,20.44,64.66,296.3,199.4,40.46,11.86,142.3,35.3,69.39,49.48,149.46,71.22,267.5,54.6,211.5,35.3,8.5,107.01,209.21,238.23,15.39,14.98,35.3,34.43,7.85,16.16,10.25,22.85,11.09,8.77,15.13,15.07,241.61,2806.98,106.55,9.53,71.75,64.16,13.09,79.16,41.48
29.43,24.62,60.41,75.28,59.31,78.5,22.5,307.44,20.44,64.37,300.64,196.57,39.65,11.81,141.83,34.82,69.56,49.29,149,71.12,267.03,54.23,209.78,35.39,8.54,107.01,214.94,237.27,15.29,14.94,34.98,34.21,7.81,16.03,10.3,22.8,11.05,8.77,15.09,15.02,242.58,2846.3,106.07,9.5,71.75,64.25,13,80.52,41.34
28.81,23.9,61.96,74.99,58.55,78.6,22.17,326.75,20.54,62.94,303.05,194.22,39.93,11.86,142.3,34.82,69.56,49.1,149.93,71.12,265.13,54.13,211.5,35.07,8.63,107.01,219.24,232.48,15.39,15.03,35.43,34.12,7.83,15.98,10.3,22.8,11.09,8.77,15.13,15.02,241.12,2841.39,106.55,9.58,72.51,64.82,13,80.88,40.95
30.11,24.81,63.03,76.33,59.6,80.9,22.36,316.61,20.79,63.99,307.38,195.16,42.36,11.91,143.71,35.3,70.35,49.2,150.86,71.69,268.45,54.6,218.41,35.75,8.68,107.48,222.58,236.79,15.48,15.26,35.57,34.43,7.86,16.07,10.35,23.09,11.18,8.8,15.13,15.25,238.2,2969.2,107.5,9.58,73.27,66.13,13.18,81.79,41.34
30.39,25.05,61.09,77.67,59.22,80.04,22.07,319.51,21.03,64.95,304.49,195.16,41.26,11.86,143.24,35.3,70.52,48.92,154.12,71.79,272.23,54.6,219.7,35.66,8.65,107.96,219.72,236.79,15.57,15.39,35.39,34.21,7.91,16.42,10.4,23.32,11.23,8.88,15.22,15.38,239.17,2949.54,108.45,9.51,73.56,67.16,13.18,80.25,41.48
30.3,24.23,59.93,75.47,56.94,77.55,21.73,307.44,20.3,64.57,303.53,191.39,41.03,11.67,140.89,34.49,68.18,47.44,150.86,70.55,264.19,54.6,215.39,32.45,8.41,107.01,210.16,236.79,15.25,14.98,34.93,34.12,7.72,16.2,9.96,22.95,10.96,8.67,14.47,15.11,232.85,2875.8,107.97,9.2,71.46,63.97,13,78.98,41.77
30.11,24.57,60.9,75.09,57.03,77.55,22.02,293.93,20.39,64.47,298.23,190.92,41.07,11.57,142.77,34.06,69.3,47.71,150.86,72.08,271.76,54.6,212.8,32.45,8.59,107.01,214.94,241.11,15.43,15.08,35.89,34.34,7.77,16.46,9.96,23.04,11.14,8.72,14.6,15.2,235.29,2964.28,108.92,9.28,72.51,64.72,13.09,78.16,42.06
30.97,24.62,62.35,75.18,57.22,78.89,22.02,301.17,20.34,64.18,298.71,191.39,41.6,11.72,141.36,34.06,69.56,47.53,151.79,72.74,267.97,54.6,214.09,32.76,8.61,107.48,220.19,237.27,15.43,15.12,36.16,34.48,7.77,16.46,10.01,23.04,11.09,8.72,14.6,15.2,233.83,3013.44,109.88,9.16,71.84,64.25,13.09,79.07,41.73
29.48,24.23,62.06,73.56,56.18,76.97,21.88,289.59,20.05,64.28,289.07,188.09,41.26,11.48,139.95,33.67,68.35,47.25,149.46,71.6,265.13,55.07,209.78,32.54,8.48,107.01,215.89,227.69,15.06,14.89,35.34,33.39,7.6,16.24,9.91,22.38,10.96,8.62,14.51,15.07,233.34,2905.29,107.97,9.09,70.89,63.97,12.91,78.07,40.71
30.68,25.49,62.16,73.27,56.66,76.78,21.73,291.03,20.25,64.09,296.3,187.62,41.79,11.62,142.77,34.06,68.78,47.25,151.79,70.26,266.55,55.45,212.37,33.44,8.54,107.48,216.85,229.12,15.39,15.12,35.66,33.84,7.77,16.55,9.96,22.76,11.09,8.67,14.6,15.2,238.2,2915.13,108.92,9.12,71.27,63.69,13.09,77.8,41.15
30.97,27.08,62.25,74.04,57.32,77.64,22.17,292.48,20.44,64.57,310.75,188.56,41.79,11.91,142.77,34.72,69.82,47.71,151.79,70.93,266.55,55.64,214.09,34.12,8.73,107.96,217.33,233.92,15.53,15.17,36.02,34.12,7.79,16.73,10.06,22.99,11.09,8.76,14.69,15.2,234.8,2934.79,109.4,9.36,71.84,64.63,13.09,78.62,41.29
31.26,26.93,62.93,74.71,57.6,77.64,22.12,295.38,20.59,64.95,308.83,189.03,43.88,11.72,142.77,34.34,70,47.71,154.12,70.55,266.55,55.64,216.25,34.84,8.66,107.96,219.24,233.92,15.57,15.39,36.11,34.39,7.82,16.68,10.06,23.13,11.18,8.78,14.73,15.38,236.26,2983.95,108.45,9.37,71.84,65.57,13.14,80.34,41.53
31.5,27.41,62.35,74.9,57.7,78.41,22.5,280.9,20.54,66.1,308.83,189.03,43.21,11.91,145.12,34.01,70.69,47.9,154.58,71.69,268.92,55.92,209.78,34.53,8.76,108.44,218.76,237.27,15.57,15.26,36.34,34.39,7.84,16.73,10.11,23.09,11.23,8.81,14.69,15.38,245.49,2998.7,108.45,9.42,72.51,65.1,13.14,80.97,41.19
30.73,26.98,61.96,73.66,57.32,78.31,22.55,271.73,20.54,65.04,306.9,189.97,42.74,12,145.59,34.01,71.91,48.55,152.72,72.08,263.24,56.68,209.78,34.39,8.75,107.96,217.8,237.27,15.48,15.3,36.16,34.16,7.78,16.64,10.06,22.9,11.18,8.78,14.69,15.34,245.01,3028.19,108.45,9.39,72.03,64.44,13.09,80.16,41.19
30.3,26.4,60.41,72.32,56.94,76.11,22.26,274.62,20.05,63.99,303.53,184.79,41.98,11.48,143.24,33.39,70.69,48.15,148.06,69.78,260.4,55.73,203.73,34.57,8.69,107.48,213.51,229.12,15.16,14.94,34.71,33.03,7.65,16.64,9.86,22.43,10.91,8.56,14.47,14.98,239.17,2851.22,107.02,9.2,71.37,62.29,12.82,78.53,39.84
30.3,26.98,61.38,72.8,57.03,76.49,22.21,275.11,20,63.23,301.6,183.84,42.21,11.91,145.12,33.58,71.13,48.35,150.48,69.59,250.93,55.64,202.87,34.71,8.86,107.01,216.37,224.81,15.16,14.94,36.7,34.55,7.62,16.33,9.86,22.1,10.96,8.57,14.56,15.07,238.2,2762.73,107.5,9.34,71.18,62.76,12.86,79.43,40.13
30.63,26.55,60.12,72.61,56.94,77.55,22.26,287.17,19.95,62.94,298.71,184.79,41.88,11.76,144.65,33.82,71.56,48.5,151.94,69.69,254.24,55.83,206.76,34.8,9.01,107.48,218.76,225.77,15.16,14.94,36.8,34.3,7.62,16.24,9.91,22.66,10.96,8.57,14.78,15.07,243.06,2861.05,107.5,9.43,72.03,62.94,12.86,78.98,39.8
30.3,26.84,61.48,73.47,57.89,77.45,22.65,286.69,20.44,62.94,301.12,185.73,41.98,12,147,34.1,71.56,48.5,153.87,70.16,253.77,56.58,205.89,35.34,9.52,108.92,226.88,229.6,15.25,15.08,37.25,34.4,7.72,16.42,10.01,22.85,11.09,8.63,14.87,15.25,243.06,2870.88,109.4,10.31,72.8,63.51,13,79.34,40.91
30.83,26.88,61.58,74.33,57.89,77.55,23.03,299.72,20.44,64.66,303.53,188.09,41.88,12.05,146.53,35.01,71.56,48.95,157.26,72.08,251.4,57.43,216.52,35.61,10.17,111.3,233.09,227.69,15.48,15.17,37.65,35,7.77,16.64,10.06,22.9,11.14,8.68,14.91,15.29,244.04,2895.46,112.5,10.6,74.32,63.51,13,79.34,41.53
31.4,27.46,62.93,75.28,57.98,78.7,23.46,298.76,20.2,65.04,307.86,187.62,43.07,12,147.94,34.82,71.73,48.4,160.65,71.69,254.24,58.46,214.75,35.02,10.22,112.74,234.04,229.12,15.43,15.26,37.6,35.05,7.8,16.64,10.06,22.9,11.18,8.8,14.95,15.29,247.92,2915.13,112.5,10.55,76.52,65.75,13.14,81.61,42.06
32.37,27.41,62.55,75.28,58.36,78.7,23.32,298.76,20.49,64.18,312.2,189.03,44.45,12.1,150.28,34.39,72.25,48.55,160.65,71.69,255.66,58.56,218.29,35.21,10.41,113.69,244.08,229.12,15.43,15.26,37.35,35.15,7.77,16.77,10.11,22.99,11.14,8.82,15,15.29,249.38,2934.79,111,10.75,76.52,67.16,13.14,81.8,42.45
32.65,27.46,62.45,75.28,58.36,78.6,23.22,294.41,20.39,63.9,309.31,188.56,43.88,12.05,149.34,34.39,71.99,48.4,158.71,70.93,255.66,57.9,219.18,35.21,10.45,112.74,234.04,221.93,15.43,15.21,37,35,7.73,16.73,10.59,22.9,11.18,8.86,15.04,15.34,244.04,2900.38,110.5,10.8,76.33,65.47,13.14,80.56,42.45
31.84,26.45,61.67,74.04,57.03,77.8,22.74,281.86,20.05,62.17,298.71,186.67,42.93,11.81,148.41,33.05,70.69,48,156.29,69.78,251.4,56.02,213.86,34.62,10.22,112.26,226.4,211.87,15.16,15.08,36.1,34.1,7.6,16.29,10.4,22.43,11,8.67,15,15.2,244.04,2811.89,110.5,10.5,76.04,63.22,13,80.28,41.05
32.8,26.74,61.67,74.61,57.79,77.8,22.69,284.76,20.2,62.56,301.6,186.2,44.45,11.86,159,33.63,71.21,47.85,159.19,70.16,252.82,57.99,215.63,34.62,10.9,112.74,227.36,210.43,15.06,15.08,36.05,34.1,7.57,16.11,10.4,22.43,11,8.73,14.95,15.16,244.52,2826.64,112.5,10.7,76.33,63.97,13,82.08,41.7
33.76,26.93,63.13,75.85,57.98,79.2,23.22,292,20.49,63.7,307.86,187.62,46.15,12.38,162,34.2,71.56,48.25,164.52,70.83,256.61,59.12,222.27,35.16,11.1,117.04,235.96,210.91,15.29,15.35,36.5,34.15,7.65,16.46,10.54,22.66,11.27,8.82,15.26,15.38,247.92,2939.71,114,10.6,77.95,64.44,13.18,81.89,42.9
33.47,26.79,63.61,77,59.12,82.2,23.32,303,20.49,63.7,307.38,188.56,47.29,12.45,161.5,34.39,72.25,48.25,165.48,72.17,260.4,58.65,221.83,35.3,10.9,117.99,236.91,217.14,15.34,15.39,37.15,34.4,7.69,16.6,10.54,22.66,11.27,8.88,15.53,15.38,249.87,3126.51,113,10.55,77,66.78,13.27,83.51,43.6
33.66,27.65,65.16,78,59.31,82.2,23.75,307,21.08,64.37,311.72,188.09,47.34,12.5,162.5,34.2,72.43,48.3,163.06,73.13,265.13,61.57,218.73,35.97,11.3,116.08,235.96,220.02,15.39,15.48,37.9,35.1,7.71,16.73,10.54,23.09,11.45,8.99,15.62,15.52,249.87,3121.59,114,10.6,76.4,68.47,13.32,83.51,43.75
33.71,27.65,64,77.9,59.79,82.2,23.95,309,22.2,63.99,311.72,190.92,46.63,12.5,165,34.39,72.43,48.25,163.55,73.13,267.03,60.06,222.27,36.15,11.15,114.65,235,220.02,15.48,15.62,38.1,35.65,7.75,16.68,10.59,23.18,11.5,9.04,15.62,15.52,249.87,3067.52,111.5,10.7,75.9,67.91,13.41,82.84,43.5
33.9,27.65,64,78.4,60.74,82.4,24.2,339.5,22.2,64.47,317.5,195.16,46.44,12.35,168.5,34.53,73.29,48.25,164.03,74.08,268.45,60.63,225.37,36.38,11.25,117.51,239.5,230.08,15.62,15.76,39,36.5,7.82,16.81,11,23.46,11.54,9.27,15.84,15.65,250.36,3372.3,112.5,10.7,76.3,69.69,13.55,83.32,43.85
34.15,27.65,64.87,79.2,61.4,82.9,24.45,365.5,22.2,65.04,324.5,199.4,46.96,12.5,170,34.87,74.6,48.25,164.03,74.94,269.87,62.61,219.62,36.06,11.75,118.47,240,233.92,15.71,15.8,39.45,36.95,7.9,17.03,11.15,23.46,11.59,9.31,16.02,15.79,258.13,3446.04,114,10.9,76.3,70.62,13.69,83.32,44.6
34.24,27.85,64.78,79.8,62.5,83.3,24.9,364.5,22.2,65.33,329,198.93,46.44,12.45,170.5,35.3,74.77,48.25,165,74.85,269.39,62.79,224.05,36.29,12.25,117.99,240,232.48,15.71,15.89,40.25,37.3,7.93,17.08,11.2,23.51,11.63,9.4,16.15,15.83,258.13,3391.97,113.5,11.5,75.5,70.25,13.73,83.89,44.8
33.95,27.85,64.68,79.9,62.1,83.4,24.85,359.5,21.86,66,328,197.99,45.59,12.35,170.5,35.3,74.6,48.25,164.52,74.08,267.97,62.51,226.7,36.06,12.25,117.51,238,229.12,15.71,15.85,40,36.85,7.9,16.99,11.1,23.51,11.59,9.31,16.06,15.83,243.06,3342.81,113,11.25,74.9,71.47,13.69,85.88,44.4
34.15,27.94,64.78,79.8,62.3,83.7,24.75,354.5,22.35,66.6,334.5,198.93,46.15,12.5,170.5,36.01,75.81,48.5,166.45,75.13,262.29,64.02,228.92,37.72,12.75,118.5,235.5,230.08,15.71,15.85,40.05,37,7.98,16.99,11.2,23.65,11.63,9.36,16.1,15.83,241.12,3328.06,113.5,11.75,75.5,72.97,13.69,87.21,43.7
33.52,27.8,63.81,80,62.1,83.6,24.65,354,22.3,66.4,326,198.46,45.73,12.3,167.5,35.87,75.98,48.2,165.48,74.94,264.66,61.95,220.5,37.47,12.6,116,236,228.64,15.66,15.8,40.05,36.7,7.9,16.81,11.05,23.51,11.59,9.31,16.02,15.79,242.09,3323.15,111,11.9,75.4,72.22,13.69,85.88,44.15
34.1,27.9,64,80,62.1,83.8,24.65,353,22.35,66.2,327,196.1,45.68,12.3,167.5,35.54,75.98,48.3,165.97,74.18,265.61,61.19,222.72,37.52,12.3,116,236,225.29,15.66,15.85,39.85,36.4,7.95,16.99,11,23.6,11.59,9.36,16.06,15.83,242.09,3283.82,110,11.6,74.9,72.4,13.64,85.88,44
33.75,27.75,64.19,79.9,62,83.8,24.8,358.5,22.4,67.4,330.5,197.04,47.25,12.4,168,35.63,76.16,48.3,167.42,74.56,264.66,60.91,224.49,38.49,12.45,116,241,220.98,15.71,15.8,40,36.35,7.9,17.16,11.35,23.56,11.59,9.4,16.1,15.83,252.3,3352.64,110,11.7,74.5,72.59,13.64,85.21,44.05
34.05,27.94,64.19,79,61.6,84,24.8,357.5,22.45,67.4,329,197.99,46.25,12.55,166.5,36.01,77.2,48.25,169.35,74.75,266.08,61.01,224.05,37.91,12.65,116.5,240,222.41,15.71,15.85,39.9,36.15,7.88,17.43,11.3,23.56,11.63,9.4,16.19,15.83,252.3,3455.87,111,11.85,74.5,72.68,13.64,86.35,44.25
34.1,28.38,64.29,78.9,61.3,84.5,24.9,360,22.45,67,328.5,197.99,45.59,12.1,166.5,36.01,77.2,48.25,170.81,75.33,267.5,61.19,221.83,36.55,12.9,116.5,244,215.22,15.71,15.89,40.1,36.35,7.86,17.87,11.3,23.56,11.63,9.5,16.28,15.93,253.76,3441.13,112,12,73.5,73.43,13.69,86.73,44.35
33.9,28.14,63.22,77.8,60.4,83.1,24.9,357.5,22.05,66.6,320,195.63,45.4,11.9,168,36.3,76.24,48,166.94,73.89,262.77,61.1,219.62,36.65,12.95,113.5,243.5,212.83,15.85,15.8,39.65,35.85,7.76,17.53,11.2,23.56,11.5,9.4,16.29,16.02,251.81,3362.47,110,11.8,73.3,73.34,13.69,86.16,43.5
33.9,28.28,64,78.2,61.6,83.4,24.9,363,22.35,67.5,325.5,196.1,46.58,11.9,171.5,36.59,77.02,48,171.29,74.27,268.92,60.4,220.5,36.84,12.9,115,249,215.7,15.85,15.94,40,36.1,7.87,17.72,11.25,23.56,11.63,9.45,16.34,16.06,253.76,3450.96,111,11.8,74.2,74.37,13.73,86.73,43.95
34.4,28.43,63.52,77.1,61.7,83.9,24.8,357,22.7,67.9,326,198.46,45.87,11.95,175,37.73,76.76,48,170.32,74.18,267.03,60.5,217.85,36.36,13.05,115,250,215.7,15.85,15.94,39.8,35.9,7.82,17.67,11.35,23.46,11.5,9.4,16.34,16.02,252.3,3524.7,110.5,11.85,74.5,75,13.69,85.78,43.75
34.9,28.62,64,77.6,60.5,83.9,24.75,354,22.4,68.1,323,197.04,45.77,11.8,172,37.49,75.9,48.1,166.94,74.56,267.03,58.8,217.85,35.87,13.05,115.5,249,214.74,15.76,15.76,39.65,35.8,7.82,17.38,11.2,23.51,11.45,9.36,16.29,15.93,250.5,3485.37,110.5,11.7,73.9,74.1,13.69,85.4,43.55
34.5,28.43,63.5,77.4,60.8,84,24.75,378.5,22.4,68.8,322.5,198.93,46.3,11.9,171,37.83,76.33,48.1,168.87,74.75,267.5,58.8,218.73,35.97,13,115.5,242.5,210.43,15.76,15.71,39.75,36.1,7.81,17.48,11.15,23.56,11.5,9.4,16.29,15.88,248,3529.61,110.5,11.85,73.3,73.6,13.69,85.4,43.3
34.9,28.47,64.2,78.6,61.6,83.6,24.85,367,22.6,70,327,201.76,46.53,11.9,174,37.73,76.68,48.2,171.29,74.56,270,58.8,221.39,36.55,13.35,115,249,209.47,15.85,15.85,40.45,36.5,7.9,17.72,11.25,23.89,11.59,9.45,16.34,16.25,253,3573.86,111,11.95,73.9,72.3,13.73,86.07,44.15
35,28.47,63.4,78.6,61.8,84,24.95,362,22.7,71.7,329.5,204.59,46.91,11.9,175,37.35,78.07,48.2,172.26,75.33,270.5,59.1,223.6,35.82,13.6,116.5,248.5,211.39,15.99,16.03,41.65,37.25,7.95,17.82,11.45,24.03,11.77,9.54,16.38,16.55,250,3750.83,113.5,12.15,75.1,73.6,13.82,86.45,44.35
35,28.43,62.7,78.8,61.8,84.4,24.95,356.5,22.9,72,329.5,204.11,47.86,11.95,175,37.26,77.98,48,172.74,75.71,271,59.4,224.49,35.38,13.35,116.5,250,208.51,16.08,15.98,41.65,37.8,7.92,17.87,11.55,24.31,11.85,9.54,16.43,16.55,251,3716.42,115,12,74.8,74.1,13.87,89.86,45.35
35.05,28.38,63.8,79.6,62.4,84.3,25.05,365,22.95,72.9,332,203.64,47.48,11.9,175,37.4,78.07,48.15,173.71,76,269,59,225.82,36.11,13,116.5,250,204.68,16.5,16.17,42,38,8,17.82,11.85,24.41,11.99,9.77,16.66,16.7,257,3755.74,115,11.8,75.8,73.6,14.3,93,45.25
35,28.47,64.2,80,62.5,85,24.85,387,22.8,69.6,334,203.17,47.77,11.95,173,37.21,77.63,48.15,170.81,75.61,265.5,59,228.03,35.58,12.7,116.5,248.5,200.84,16.35,16.07,41.55,37.6,8.04,17.92,11.75,24.5,11.99,9.76,16.57,16.6,256.5,3686.92,115.5,11.55,75.2,71.7,14.3,91.95,45.3
35,28.47,65.1,80,62.6,85.3,24.85,399,22.8,69.8,335.5,204.11,46.3,12,174.5,37.26,74.77,48.1,171.77,76.38,263,59,228.92,35.58,12.7,115,249,204.2,16.3,16.07,41.7,37.95,8.18,17.87,11.95,24.5,11.99,9.48,16.61,16.55,256.5,3736.08,116,11.45,75.8,77.3,14.3,94.61,45.8
35,28.33,62.2,80,62.8,85.3,24.85,388,22.55,69.9,343,204.59,46.77,11.85,176,37,75.64,48.15,173.23,80.58,265.5,60.6,228.47,36.11,12.15,115.5,249,209.95,16.3,15.98,41.5,37.85,8.18,17.77,11.9,24.15,11.99,9.43,16.85,16.35,256,3672.17,116,11.35,73.9,78.5,14.2,93.28,46
34.85,28.28,61.8,79.8,62,85,24.65,397.5,22.75,69,347.5,204.11,46.77,11.75,176,37.3,74.77,48.15,169.84,79.82,264,61.7,228.47,36.26,12.45,115,249.5,209.47,16.25,16.07,41.6,37.8,8.13,17.87,11.85,24.15,11.94,9.44,16.94,16.45,256,3711.5,114.5,11.65,74.1,78.8,14.25,92.81,45.5
34.2,28.47,61.7,79.5,61.8,84.3,24.1,395,22.7,67.5,347.5,204.11,47.01,11.75,175,37.2,73.73,48.1,171.29,79.82,265.5,62,227.15,35.72,12.3,113.5,250.5,208.99,16.45,16.12,41.7,38.15,8.14,17.77,11.75,24.25,11.9,9.42,16.99,16.5,258.5,3711.5,114,11.35,75.2,80,14.25,94.32,45.6
35.1,28.43,60.7,79.9,61.6,84.2,24.25,396,22.9,68.2,348.5,204.59,47.01,11.65,173,37.25,74.34,48.15,170.32,80.58,268.5,61.9,224.49,35.67,12.25,113.5,250,215.7,16.4,16.25,41.85,38.05,8.2,17.92,11.85,24.35,11.99,9.48,17.82,16.45,257,3655,114,11.45,74.8,79.8,14.2,92.52,49.5
36.75,29.2,59.8,78.1,60.8,83.3,23.75,384.5,22.65,68.4,346.5,204.59,46.25,11.55,168.5,37.05,73.99,48.1,168.87,80.97,270.5,61.3,221.39,35.67,12.7,113.5,245,212.83,16.15,16.1,41.2,37.5,8.14,17.72,11.45,23.8,11.99,9.37,17.49,16.3,255,3610,111.5,11.65,74.8,79,14.05,90.24,46.3
37.6,28.91,60.3,78.1,60.8,82.7,23.55,383.5,22.6,68.3,342.5,203.17,45.68,11.4,170,37.2,74.08,48.05,167.42,80.68,269,60,225.82,35.72,12.7,114.5,242,213.31,16,15.9,40.7,37,8.08,17.82,11.6,22.3,11.85,9.26,17.22,16.15,255,3605,112,11.6,74.2,78.2,14,89.58,47.2
37.55,29.77,60.5,79.3,61.1,84.1,23.6,384,22.8,68.1,349,203.17,45.68,11.45,169.5,37.75,74.42,48,168.39,80.49,271,60.7,225.37,35.82,12.6,115,242.5,213.79,16.3,16.1,41.8,37.8,8.12,17.87,11.6,22.25,11.81,9.37,17.08,16.25,250,3640,112,11.65,74.8,79.8,14.05,90.05,46.65
37.55,29.68,60.7,78.8,60.8,83.5,23.5,382,22.6,67.8,348,206,45.7,11.45,170,37.9,75.2,47.9,167.9,82.88,269,60.5,230.24,35.53,12.4,115.5,241,218.1,16.2,16,41.55,37.8,8.07,17.82,11.45,21.7,11.9,9.27,16.75,16.15,253.5,3635,114,11.6,75.3,78.4,13.95,89.2,46.65
37.8,29.82,61.2,79,61.7,83.1,23.8,384,22.4,68.1,350,206,46.95,11.85,171,38.45,76.76,48,171.29,85.08,274,62.3,228.47,35.67,12.95,116,244,220.02,16.4,16.15,42,38.75,8.15,17.87,11.7,22.1,11.95,9.37,17.4,16.4,252.5,3585,114.5,11.8,75.3,78.4,14.1,90.05,46.2
37.6,29.49,61.6,79.2,61.9,83.1,23.8,389,22.5,68.2,350,207.5,47.4,11.8,171,38.45,76.76,47.9,171.29,85.27,275,61.5,230.24,36.55,12.85,116.5,243.5,216.66,16.35,16.2,42,39.4,8.16,17.97,11.7,22.05,11.95,9.34,17.31,16.4,254.5,3640,114.5,11.65,74.7,78.3,14.15,90.62,47.05
36.8,29.24,61.3,79.6,61.6,83.2,23.6,403,22.25,68.2,350,205,46.95,11.6,168,38.7,77.46,47.65,170.81,85.75,271.5,60.8,229.8,36.6,12.55,115.5,244.5,219.54,16.15,16.3,43,39.6,8.13,17.92,11.4,22,11.95,9.41,17.4,16.35,251,3615,113.5,11.4,75,77.2,14.15,88.82,47
36.25,29.1,61.4,79.3,61.4,83,23.9,398,22.4,68.2,362,205.5,47.75,11.6,168.5,38.9,77.2,47.7,168.87,85.46,273,60.3,230.24,36.84,12.85,115,249,221.45,16.2,16.25,44.55,40.65,8.16,17.87,11.5,21.95,11.9,9.43,17.31,16.4,252,3585,113.5,11.4,74.8,76.9,14.15,87.87,46.75
36.25,28.35,60,78.3,60.6,82.4,23.4,402,22,67.4,351,205,48,11.5,165,38.85,76.33,47.35,170.32,85.08,268.5,58.7,229.8,36.45,12.5,114,249.5,218.58,15.95,16.35,44.9,40.1,8.02,17.57,11.25,21.6,12,9.28,16.99,16.3,252.5,3560,111.5,11.2,73.9,76.7,13.95,88.06,46
35.25,27.5,58.3,77,60.1,80.4,23.3,400.5,21.75,66.1,358,203.5,47.7,11.5,169,38.35,75.81,46.55,167.9,83.26,270,58.8,242.64,35.97,12.1,113,251,216.66,16.15,16,44.15,39.35,7.98,17.77,11.1,21.25,11.7,9.22,16.89,16.2,245,3705,111.5,11,73.2,76.4,14.05,87.3,44.75
35.75,27.5,58.7,78,60.3,81.9,23.55,388,22,66.9,355.5,202,47.6,11.6,167.5,38.05,77.2,46.65,168.87,83.4,271.5,60,240.87,36.21,11.75,113.5,245.5,214.26,16.1,16.15,44.55,39.45,8.01,17.67,11.1,21.4,11.75,9.25,17.08,16.45,254.5,3635,112,10.7,74,75.1,13.95,87.4,44.8
36.4,27.85,58.8,78.7,61.2,82.5,24.05,388,22.35,68.1,359,202.5,47.55,11.65,173.5,38.45,78.2,47.05,170.81,85,273,60.3,241.76,36.7,12.2,114,256.5,219.54,16.25,16.3,45,40,8.09,17.82,11.35,22.05,11.9,9.34,17.26,16.45,252,3700,112.5,11.15,75,75.8,14.1,88.63,45.7
37.5,28.65,58.4,79.7,61.8,83.6,24.8,385,22.55,68,365,203,48.55,11.75,175,38.6,79.8,47.1,173.23,87.3,276.5,62,249.73,36.89,12.25,114.5,254.5,221.93,16.35,16.35,46,40.45,8.17,17.92,11.4,22.15,12,9.45,17.36,16.6,254.5,3650,112.5,11.2,74.6,77.3,14.15,89.39,46.35
37.5,28.85,58.9,80.1,62.4,85.4,24.65,368.5,22.75,68,375.5,205,48.65,11.85,174.5,38.6,79.5,47.15,178.06,86.6,274.5,62,248.84,37.23,12.1,114.5,253.5,232,16.35,16.35,46.05,40.8,8.19,18.02,11.45,22.25,12,9.46,17.45,16.75,257,3720,113.5,11.1,75.1,77.2,14.2,90.62,47
36.5,28.2,59.1,79.6,62.1,85.5,24.5,374,22.7,68,372,205.5,49.35,11.75,174.5,38.7,78.5,47,177.1,86.6,275,62.5,254.6,37.81,12,114,250.5,241,16.4,16.5,46.75,41.25,8.13,17.97,11.5,22.6,12,9.44,17.36,16.85,261,3685,114,11.1,74.5,77.2,14.25,91.1,46
35.75,27.65,58,77.9,60.9,84.3,24.3,358,22.35,67.4,372,205.5,49.3,11.65,170,38.15,77.7,46.6,173.71,86,274,62,245.74,37.72,11.75,113.5,245,241.5,16.25,16.35,45.95,40.45,8.01,17.92,11.2,22.4,11.9,9.36,17.31,16.8,261.5,3605,113,10.95,74,76.4,14.1,90.91,45.45
35.5,27.3,57.5,77.5,60.9,83.5,24,358,22.1,66.7,363.5,203.5,48.7,11.55,165.5,37.45,78,46.55,172.26,84.5,272,59.9,240.87,36.79,11.3,113.5,240,233.5,16.1,16.2,44.85,39.75,7.93,17.72,11.15,22.15,11.75,9.27,17.08,16.55,254.5,3450,112.5,10.6,73.6,75,14,88.82,44.55
34.7,26.6,57.5,76.6,60.2,81.5,23.75,358,21.8,65.5,350.5,201.5,47.1,11.55,158,36.46,77.5,46.3,169.35,81.4,271,59.6,235.56,37.72,11.25,112.5,238,238.5,16,16.05,44.9,39.7,7.85,17.62,11.2,21.9,11.7,9.21,16.89,16.6,250.5,3325,111.5,10.4,73.8,75,13.9,85.69,43.4
34.4,26.35,57.4,76.5,60,81.8,23.5,346.5,21.65,65,355.5,201.5,47.3,11.5,163,36.85,77.2,46.3,169.35,80.6,269,59.9,232.02,37.33,11.4,112.5,239.5,239,15.95,16.15,44.8,39.15,7.76,17.43,11.1,22.05,11.7,9.16,16.8,16.45,250.5,3495,111,10.5,73.5,76,13.85,86.64,43.45
33.95,26.6,56,75.9,59.4,80.5,23.55,354,21.3,64.5,348.5,201.5,45.7,11.4,156,36.26,77.4,46.6,167.9,83.5,268,59.3,232.46,37.76,11.15,112,239,252,15.95,15.9,44.5,39.3,7.76,17.33,11.05,21.85,11.55,9.11,16.48,16.45,246,3595,111,10.4,73.1,77.7,13.8,85.12,42.3
34.6,26.5,57.9,77.4,60.6,83.7,23.35,357,21.5,67.4,352.5,202.5,46.7,11.55,169.5,37.45,80.4,46.65,176.61,89.2,279.5,62.7,229.8,38.45,11.35,111.5,242.5,270,16.2,16.25,45.7,40.2,7.91,17.67,11.2,22.45,11.85,9.26,16.89,16.85,251.5,3800,115.5,10.65,74.5,83.3,13.95,89.11,43.6
34.5,26.3,57.7,77.3,60.7,83.3,23.5,363.5,21.9,66.2,353,203,46.75,11.55,168.5,37.25,80.2,46.65,177.1,89.5,275.5,64.3,226.26,38.35,11.65,111.5,245.5,264,16.15,16.2,46.2,40,7.9,17.57,11.2,22.5,11.8,9.27,17.03,16.8,249,3820,113,10.9,73.2,82.8,13.9,89.39,44.05
36.3,27.1,58.4,78.1,61,84.5,23.7,367,22,66.6,355,208.5,46.95,11.8,167,37.65,80,47.15,178.06,89.7,278,66.4,232.9,38.11,11.9,112,246,266,16.2,16.2,46.5,40.5,7.96,17.57,11.2,22.5,11.8,9.27,17.08,16.85,252.5,3840,113.5,11,72.8,82.7,13.95,91,44.4
35.8,27.3,59.4,78.3,61.4,85.2,23.7,388.5,22.2,66.6,355,207,46.9,11.75,164,37.95,79.6,47.2,179.52,89.7,278,66,233.34,38.4,11.65,112,245,261.5,16.2,16.3,46.5,40.6,7.96,17.53,11.3,22.3,11.85,9.31,17.08,16.85,249,3775,114,10.9,73,82.7,13.9,90.62,44
35.8,27.4,59.2,78.7,62.2,85.3,23.8,387,22.2,67.4,361.5,208,46.75,11.75,166,38.15,79.8,47.5,181.45,89.7,278.5,66.8,233.79,38.69,11.85,112,247,267,16.3,16.35,46.5,40.65,8.05,17.77,11.35,22.5,11.9,9.36,17.12,16.9,250.5,3830,114.5,10.9,73,82.3,14,90.05,44.35
36.05,27.3,59.5,78.4,62.2,84.7,23.75,379.5,21.9,67,353,207.5,46.55,11.6,166,37.25,78.9,47.85,177.1,88.8,279,66,232.9,39.27,11.6,112,243.5,257.5,16.15,16.3,45.5,40.35,8,17.57,11.2,22.2,11.75,9.27,17.03,16.75,249,3765,113.5,10.65,74.1,79.5,13.95,90.53,44.2
36.6,28,60.7,78.7,62.5,85.4,23.75,377.5,22.35,67,365,208.5,47.4,11.65,169,37.45,79.8,48,179.52,91.6,284,67.4,244.41,39.37,11.55,112,243.5,259,16.4,16.3,46.8,40.7,8.09,17.77,11.3,22.35,11.85,9.36,17.08,16.85,249.5,3845,113,10.7,74.5,81.8,14,91,44.9
35.65,27.4,58.8,77.8,62,84.3,23.45,374,22.1,65.9,366.5,208,45.1,11.55,167,37.45,79,47,176.61,91.8,279.5,65.4,238.21,38.15,11.5,110.5,239.5,254.5,16.05,16.05,46.3,40.1,8,17.57,11.2,22.05,11.65,9.25,16.85,16.65,249,3780,112.5,10.6,74,80.6,13.85,89.39,44.1
35.75,27.5,60.5,78.2,61.5,85.2,23.5,376.5,22.3,66.4,361,205.5,45.6,11.6,167,37.9,79.2,47.2,180,91.2,283.5,66.1,239.1,38.35,12.15,111,241,255.5,16.1,16.1,46.05,40.05,7.96,17.82,11.25,21.95,11.65,9.23,16.99,16.65,250.5,3840,113.5,10.9,73.7,81.7,13.85,91.1,44.3
35.95,27.5,61.7,78.9,62.6,85.2,23.5,374,22.3,66.4,368.5,207,45.8,11.6,168,38.05,79.5,47.1,180.97,93,284,65.8,240.87,38.88,12.15,112,243,262,16.35,16.3,46.45,40.45,8,17.82,11.35,21.85,11.75,9.35,17.08,16.85,248,3910,113,10.85,73.8,81.8,13.95,92.52,45.25
36.4,27.7,61.8,78.5,62.4,85,23.5,372.5,22,66.7,366,207,45.9,11.6,169.5,38,79.6,47.45,180,93.5,283.5,66.4,233.79,39.17,12.25,112,247,257,16.3,16.3,46.3,40.1,8,17.82,11.3,21.85,11.75,9.32,17.03,16.8,248.5,3870,113.5,10.85,74.5,81.9,13.95,91.86,45.25
36.6,27.75,60.9,79.1,62.6,85,23.45,368,22.05,66.1,366,207,45.3,11.6,168.5,38.25,80.2,47.45,181.45,93.4,282,66.3,235.56,38.88,12.3,112.5,243.5,247.5,16.2,16.2,45.85,40.25,7.99,17.87,11.3,21.95,11.65,9.29,17.03,16.85,246.5,3805,112.5,11,74.4,81.2,13.9,93.38,45.1
36.65,27.75,61.3,79.5,63,85.6,23.6,372.5,22,66.7,368,208,45.65,11.5,166.5,37.9,80,47.5,181.94,92.6,279,66.8,234.23,38.83,12,112,241,245,16.1,16.05,45.3,40.15,8,17.87,11.3,21.85,11.7,9.32,16.94,16.75,247.5,3770,111.5,10.7,74,80.8,13.8,92.9,44.2
36.05,27.85,60.5,79.8,63,85.6,23.45,358.5,22,66.3,372,206.5,45.7,11.65,165,38.65,81.1,47.5,181.45,93.7,282,66.4,231.13,39.03,11.65,112,241,246,16.3,16.1,45,40,8,17.72,11.25,21.8,11.6,9.26,16.8,16.7,246,3680,111.5,10.5,75.2,80.7,13.9,93.38,44.1
36.05,27.5,59.7,79.9,63.2,86.8,23.35,359,21.8,65.2,370,206,45.45,11.55,164,38.6,81.6,47.55,183.39,92.6,282,66.1,232.46,39.13,11.7,112,240,250,16.3,16.1,45.8,40.65,8.04,17.72,11.3,21.85,11.6,9.24,17.35,16.6,247,3800,112,10.6,75,82.2,13.9,93,43.85
35,26.85,61,79.4,63.1,87.7,23.2,356.5,21.7,65.4,363.5,204.5,45.4,11.5,164.5,38.3,81.8,47.75,182.42,91,282,65.1,227.59,39.03,11.8,112,237.5,248,16.15,16.15,45.45,39.95,7.88,17.57,11.1,21.65,11.45,9.16,17.2,16.55,245.5,3730,112.5,10.5,75,83,13.85,94.89,43.35
35.85,27,59.8,79.7,63.1,87.7,23.5,355,21.8,64.4,367.5,203,44.45,11.65,164,37.7,81.2,47.55,181.94,91,279.5,64.3,228.03,38.2,11.6,111.5,236.5,243.5,16.05,16,45.7,39.7,7.87,17.57,11.25,21.65,11.35,9.15,17.05,16.45,246.5,3665,111.5,10.5,74.9,81.6,13.75,94.8,43.5
36.05,26.7,59.9,80,62.8,87.7,23.2,360,21.75,63.8,361,202.5,44,11.55,164.5,38.1,81.9,47.6,180.48,92,280,66.5,227.59,38.3,11.6,112.5,241,244,16.2,16.05,45.05,39.95,7.85,17.48,11.15,21.6,11.3,9.09,17,16.45,243,3695,111,10.45,75.1,83,13.85,96.79,43.2
36.4,27,60.9,80.5,63.6,89,23.65,380,22,64.1,371.5,203,44.95,11.65,165,38.55,82.1,47.7,180.97,92.9,280,66,227.59,38.35,11.75,112.5,240,247,16.25,16.15,45.6,40.5,7.92,17.72,11.3,21.8,11.35,9.2,17,16.5,246.5,3700,111.5,10.5,75.1,82.9,13.85,96.32,44.15
37.35,27.2,61.2,82.2,63.9,92,24.35,398,22.25,66.1,369.5,203,45.95,11.7,168,38.4,82.4,47.75,183.39,95.5,280,66,228.92,38.88,11.95,111.5,238,249.5,16.2,16.15,45.5,40.6,7.94,17.77,11.3,21.85,11.5,9.2,17.1,16.55,248,3710,111,10.6,75.1,83.2,13.85,97.74,44.2
36.9,26.95,60.8,85,65,93,24.55,398,22.3,65.6,367.5,202.5,45.45,11.65,168,37.9,83.5,47.7,184.35,95.5,282,65,226.7,39.32,12,111.5,236,250.5,16.25,16.15,45.15,40.45,7.94,17.72,11.7,21.85,11.45,9.22,17.2,16.55,248.5,3675,111,10.6,74.6,82.8,13.9,99.64,43.85
36.7,26.85,61.2,84.7,64.6,92.5,24.5,389,22.2,65.9,366.5,198.5,45.3,11.7,166,37.65,84.3,47.5,182.42,96.4,279.5,65.9,226.26,39.22,12.45,112,235.5,250,16.25,16.1,44.9,40.3,7.94,17.72,11.7,22,11.45,9.2,17.35,16.5,244.5,3710,111.5,10.9,74.9,83.5,13.9,100.11,43.55
37,27.05,61,84.1,64.5,92.5,24.3,388,22.3,65.9,363,198.5,45.85,11.65,166,37.65,84.2,47.5,184.84,94.9,280.5,65.3,224.93,39.81,12.8,112.5,238,246,16.15,16.1,44.85,40.25,7.99,17.67,11.7,21.8,11.4,9.18,17.15,16.5,242.5,3770,111.5,11,74.6,83.3,13.9,97.74,43.65
37.45,28,60.7,85,64.9,93.5,24.25,385.5,22.45,65.2,367.5,200.5,46.6,11.7,168,37.9,85.7,47.5,186.77,94.8,280,66.2,229.8,39.42,13,111.5,243,251,16.3,16.15,45.3,40.4,8.03,17.67,11.75,22,11.45,9.19,17.15,16.65,245,3715,112,11.2,74.9,84.9,13.85,101.06,43.1
37.55,27.7,60.9,85,65.3,94.5,24.2,375,22.75,64.7,370,200,45.95,11.55,166,38,85.6,47.4,185.32,93.1,281.5,66.5,227.59,40.1,13.1,111.5,240.5,247.5,16.2,16.05,45.35,40.5,7.98,17.57,11.65,21.85,11.45,9.14,17.1,16.45,242.5,3780,111.5,11.25,75.1,85.7,13.9,99.64,43.2
37.55,27.85,59.3,84.9,65.3,93.2,24.25,360,22.7,64,366.5,199.5,45.55,11.5,164.5,37.65,85.4,47.3,182.42,92.1,281,64.5,225.37,39.76,12.85,111,239,246,16.15,16,45.45,40.65,7.94,17.48,11.65,21.7,11.4,9.14,17.05,16.4,239,3715,110.5,11.05,74.8,85.6,13.85,99.16,42.45
37.8,27.95,60,85.6,65.5,94.4,24.3,364,22.6,64.8,367.5,199,45.85,11.7,168.5,37.35,84.8,47.3,183.39,91.5,278,64.9,226.26,39.47,12.35,110.5,237.5,246,16.25,16.1,44.9,40.8,8.01,17.57,11.75,21.65,11.4,9.13,17.15,16.55,240,3735,110.5,10.85,75.1,84.4,13.95,99.64,42.95
37.85,27.55,61.1,85.4,65.7,93.9,24.45,359,22.8,64.3,367.5,199,45.3,11.75,166.5,36.95,85.3,47.75,182.42,91.6,276.5,64,227.59,39.81,12,108,240,247.5,16.15,16.05,44.8,40.95,7.91,17.67,11.8,21.6,11.55,9.11,17,16.55,236,3735,110.5,10.65,74.6,85,13.85,100.11,42.7
37.35,27.5,60.8,85,64.9,94,24.25,357,22.75,65.2,367.5,200.5,45.05,11.75,165.5,36.9,84.6,47.3,183.39,91,275,64.8,227.59,39.56,12.25,109,237.5,243.5,16.2,16.1,44.75,40.8,7.91,17.62,11.75,21.55,11.5,9.13,17.1,16.4,236,3650,109,11.05,74.8,84.1,13.85,98.69,42.5
36.25,27.2,60.7,84.6,64.5,93.6,24.1,349,22.4,64.5,363.5,198,44.6,11.7,164.5,36.46,82.6,47.05,180,88.5,273.5,63.8,226.26,38.69,12.1,108,236.5,229,16.15,16,44.5,40.25,7.83,17.53,11.65,21.5,11.45,9.08,17.05,16.4,236.5,3570,109,11.1,74.4,82.3,13.85,96.79,41.95
35.9,27,59.8,84.9,64,93.5,23.7,333,22.45,64.5,360.5,196.5,44.05,11.6,163.5,36.16,81.7,47.05,178.55,88.7,272.5,62.9,220.06,38.88,11.95,108.5,236.5,225,16.1,15.9,43.5,39.8,7.79,17.48,11.35,22,11.35,9.01,16.9,16.35,237,3515,109,10.95,74.2,81,13.8,96.32,40.8
36.05,27,60,85.2,64.5,94,23.8,328.5,22.6,64.5,359.5,195.5,44,11.6,163.5,36.41,82,47,178.55,90.2,271,62.2,222.27,38.83,12,108,226,222.5,16.15,15.85,43.9,40.4,7.75,17.38,11.6,21.9,11.35,9,16.9,16.45,236.5,3495,108,11.15,74.5,81.7,13.7,95.37,40.8
37.1,27.1,59.6,85.5,64.8,94.8,23.7,352,22.95,64.9,364.5,197,44,11.65,165,36.75,83.5,47.05,182.9,90.8,274,63.9,224.05,38.88,12,108.5,231,229.5,16.25,15.9,44.3,40.7,7.76,17.48,11.7,21.95,11.4,9.02,16.9,16.45,235.5,3565,109.5,11.2,75.2,83.2,13.75,101.54,40.8
37.5,27.35,59.6,86.3,65.5,96.1,24.2,347.5,23.7,65.6,369,198,45.35,11.7,166,36.56,83,47.25,182.42,91.9,276,64,218.29,39.03,12.25,110,228,233,16.3,16.05,44.5,40.75,7.79,17.62,11.7,22.55,11.5,9.09,17.1,16.6,238.5,3535,110,11.25,75,83.8,13.9,102.49,41.45
36.3,26.75,56.5,84.2,64.4,93.4,23.65,313,23.4,64.4,357.5,194,43.4,11.5,159.5,35.36,80.4,46.2,176.13,88.4,268.5,61.6,219.62,37.33,11.5,109,220.5,221.5,16.15,15.75,42.8,39.1,7.59,17.28,11.3,22,11.25,8.91,16.7,16.35,241,3340,108.5,10.7,75,81.7,13.65,99.16,40.5
38.15,27.3,56.8,86.4,66,96.2,23.95,323.5,24.6,65.8,367,196,45.05,11.6,164.5,35.86,81.5,46.9,179.52,91,273.5,62.7,225.37,39.08,11.8,109,222,227,16.25,15.85,45.3,41.45,7.72,17.48,11.7,22.9,11.45,8.98,17.05,16.55,246,3545,108.5,11.05,73.9,83,13.75,100.11,40.8
37.5,26.7,54.9,85,64.7,95.1,23.4,300.5,24.5,60.6,357,194.5,42.1,11.35,157,34.02,79,46.25,175.65,83.7,262.5,58,218.29,38.15,11.45,107,215,216.5,16.1,15.6,45.75,43.75,7.58,17.38,11.5,22.9,11.3,8.84,16.8,16.35,240,3395,105.5,10.95,71.8,74.7,13.65,96.32,39.35
37.05,26.65,54.5,85.1,64,95,22.95,297.5,24.4,59.6,350.5,194,46.25,11.3,157,33.22,79,46.05,174.68,81.3,262.5,57.7,217.85,38.11,11.35,105,218.5,213.5,16.1,15.6,48.5,45.95,7.58,17.53,11.6,23.25,11.45,8.84,16.9,16.4,235,3280,105.5,10.75,72.6,71.8,13.6,94.23,39.5
36.7,26.6,55,85,64.5,94.4,22.95,295.5,24.4,58.6,350,195,46.75,11.3,157,33.22,79,46,174.19,81.3,261,58,217.85,37.67,11.4,104,216,214,16.15,15.6,47.5,44.9,7.6,17.77,11.5,23.25,11.45,8.86,17.1,16.35,239.5,3325,104,10.8,71.6,70,13.65,94.42,39.95
36.55,26.55,56.2,85.5,65.2,96,23,305.5,24.05,60,348,195,46.55,11.3,156.5,33.32,79,46,174.19,83,261,58.3,219.62,37.81,11.4,106,216,213,16.2,15.65,47.6,45.45,7.63,17.97,11.5,23.05,11.4,8.83,17.05,16.4,240,3385,105,10.8,72.7,71.9,13.65,94.42,39.55
36.2,26.05,55.2,86.2,65.9,96.1,22.65,318.5,24.3,58.5,353,196.5,47.05,11.35,156,33.97,80.6,46.3,175.65,83,261,58,220.5,37.91,11.65,105.5,221.5,213.5,16.25,15.65,47.6,44.85,7.61,17.97,11.55,23,11.45,8.8,17.3,16.55,241.5,3355,106,10.95,73.6,72.3,13.7,94.89,39.35
35.85,26.05,54.6,85.7,65.4,94.6,22.85,314,24.05,58.9,346,196.5,48.95,11.3,157,34.16,80.9,46.3,175.16,83.5,263,58.7,221.39,38.74,11.65,105.5,227,219.5,16.1,15.65,47.1,45,7.56,17.92,11.4,22.7,11.4,8.75,17.1,16.45,237,3500,106,10.95,73,73.8,13.7,94.42,39.15
36.8,26.35,54.6,86.4,65.1,95.1,23,309,24.5,58.5,352,196,47.9,11.4,155.5,34.66,80.9,47.7,175.16,83,265,58,221.39,38.98,11.75,105,223,223,16.2,15.7,48.1,45.65,7.72,17.97,11.55,23.1,11.4,8.82,17.15,16.5,235.5,3500,106,11.15,73.8,73.4,13.8,94.89,39.35
37.1,26.7,54.6,88,66.1,96.9,23.25,314.5,24.5,59,363,197.5,49.65,11.4,158,34.86,81.2,48.5,178.06,83.6,268.5,58.8,223.16,39.32,11.75,106,228.5,225.5,16.3,15.7,48.05,45.45,7.78,18.02,11.65,23.25,11.5,8.95,17.2,16.65,241.5,3510,106,11,73.3,74.3,13.7,98.21,40.7
37.15,26.8,54.5,88.6,66.5,98,23.5,308,24.6,59,366.5,197,49.25,11.45,160.5,34.81,82,48.25,179.52,84.6,268.5,59.3,226.26,40.39,11.65,107.5,226,223,16.45,15.85,47.75,46.05,7.89,18.02,11.65,22.85,11.5,9.02,17.25,16.7,244,3520,107.5,11,73.9,76.5,13.8,99.64,40.4
36.75,26.9,54.9,88.5,66.5,97.2,23.4,309,24.7,59.2,364,197,50,11.35,158.5,34.71,81.1,48.45,177.1,83.3,266,58.5,225.37,43.74,11.55,107.5,222,219.5,16.45,15.9,48.45,46.55,8.06,17.97,11.8,23.2,11.7,9.13,17.35,16.75,241,3515,107,10.9,74,74.3,13.8,99.16,40.5
36.75,26.35,55,88,66.3,97.6,23.35,316,25.1,59.4,366,197.5,49.1,11.35,158,34.36,80.5,48.6,176.13,81.8,266.5,58.6,223.6,42.14,11.65,107.5,221.5,222,16.5,16,49.35,48.45,8,17.97,11.65,23.05,11.65,9.11,17.35,16.75,242.5,3570,107.5,10.8,73.6,74.9,13.85,99.64,40.2
37,27.15,55.3,88.8,67,98,23.65,326.5,25.55,60.6,366,197.5,49.3,11.35,158,34.86,81.3,48.45,178.06,82.2,266,59.1,227.15,43.26,11.5,107.5,223.5,233.5,16.75,16.1,49.35,48.45,8,18.21,11.75,23.2,11.7,9.14,17.5,16.8,240,3620,108,10.8,73.7,75.9,14.05,99.16,40.05
36.6,27,55,89.9,66.7,98.5,23.5,325.5,25.45,59.4,360,198,49.3,11.35,158,34.41,82,47.8,176.13,84,262.5,58.7,227.15,43.26,11.55,107.5,221.5,238.5,16.65,16,49.45,47.3,7.96,18.02,11.65,23,11.7,9.06,17.25,16.7,240,3640,107.5,10.95,73.7,76.2,13.95,97.27,39.4
36.85,28.05,54.5,90.8,67.1,99.9,23.5,330,25,60,366.5,200,50.3,11.25,160,34.12,82,48.25,177.1,83.6,264,59.4,227.15,43.26,11.45,107.5,221.5,231.5,17.05,16.2,49.45,46.9,7.94,18.21,11.55,22.75,11.7,9.1,17.5,16.8,239.5,3690,107.5,11,73.8,75.9,14.05,102.01,39.85
37.1,27.95,54.5,91.1,68.5,99.5,23.85,332,24.9,59.8,366.5,199,50,11.35,158,34.21,82.4,47.75,177.1,82.3,263,59,226.7,43.99,11.45,106.5,224.5,237.5,16.9,16.15,50.3,48.3,8.01,18.12,11.6,22.9,11.75,9.13,17.55,16.8,241,3650,105.5,10.95,73.6,76.5,14,103.91,40.1
37.1,27.85,54.1,91.4,68.8,98.7,23.95,323.5,25,60.8,367,197,49.3,11.3,156.5,34.07,81.7,47.3,172.26,82.8,261,59,224.49,43.5,11.35,106,225,237.5,16.8,16.15,50.8,48,7.99,18.02,11.55,23.05,11.75,9.13,17.6,16.9,238.5,3610,105.5,10.8,73.3,75.2,14,102.96,39.65
36.7,27.35,54,90.3,68.1,97.8,23.6,325.5,24.95,60.5,362,196,49.3,11.2,155.5,33.52,81.3,47.2,173.23,82.9,261.5,58.8,222.72,43.35,11.55,106,223.5,233,16.65,16,51,48.3,7.92,17.82,11.45,22.8,11.65,9.07,17.55,16.9,235.5,3580,106,11,73.2,74.5,13.9,102.01,39.15
36.95,27.65,54,90.3,69.1,99,24,331,25.25,60.7,365.5,196.5,50.2,11.4,157,34.21,82.3,47.6,176.13,82.7,263,58.7,224.49,43.06,11.5,106,226,236,16.8,16.1,51,49,8.01,17.87,11.55,23.25,11.7,9.14,17.6,17,236.5,3675,106,11,73.2,76,14,105.33,39.7
37.05,27.65,54,90.9,69.1,98.6,24.2,335,25.25,60.4,367,197.5,50,11.35,157,34.41,83.1,48.1,175.65,83.6,265.5,59.2,222.27,43.06,11.8,106,225,233.5,16.8,16.2,51,48.9,8,17.92,11.5,23.25,11.7,9.11,17.65,17.1,237.5,3750,106,11.35,73.9,75.5,14,104.38,39.55
38,28.05,55.3,91.5,70.6,98.9,24.8,342,25.7,61,371.5,198.5,50.5,11.4,162.5,34.36,84.8,48.25,179.52,85.5,267,59.2,226.7,43.06,12,106,230,234,17.1,16.45,51.2,49.05,8.08,18.31,11.8,23.5,11.9,9.22,17.9,17.35,239,3750,107,11.4,73.6,76.4,14.25,105.81,40.45
37.95,28.05,55.7,91.9,71.7,99,24.8,337.5,25.55,60.7,372,198.5,50,11.35,163,34.02,85,48,180,86,265,59.5,229.36,44.03,11.9,105,230.5,233.5,17,16.5,51.5,49.4,8.14,18.41,12,23.75,11.9,9.24,18,17.35,237.5,3730,105.5,11.25,73.5,76.8,14.3,107.7,40.85
37.9,28.1,55.4,91.9,72.5,98.8,24.9,338.5,25.65,61,371,197,50,11.3,162,34.02,83.4,47.95,179.03,85.6,266.5,60.8,227.15,45.69,11.75,105,229.5,235.5,16.95,16.5,51.4,49.4,8.1,18.31,11.9,23.75,11.95,9.24,17.9,17.3,233,3735,105,11.3,72.5,75.5,14.3,105.33,40.75
37.85,27.8,54.9,90.9,72.4,98.8,24.9,339.5,25.7,60.8,372,196.5,50,11.3,161.5,33.62,84.4,47.7,180,86.2,267,60.5,223.16,45.49,11.75,104.5,228.5,235,17.1,16.55,52.3,49.65,8.17,18.41,12.05,23.7,12,9.29,18,17.5,232.5,3750,105,11.25,72.3,75.6,14.3,107.7,41.3
37.7,27.95,54.9,90,71.8,98.6,24.65,340.5,25.65,60.5,370,197,50,11.2,163,33.62,83.7,47.55,181.45,86.7,266,61,223.16,46.08,11.7,104.5,225,236.5,16.95,16.4,51.5,48.65,8.12,18.17,12,23.4,11.95,9.18,17.85,17.35,235,3735,104,11.3,72,76.4,14.2,105.81,41.2
37.05,28.05,53.3,88.8,69.9,97.6,24.45,343,25.55,60.5,367,196.5,50.5,11.3,160,33.77,84.2,47.7,180.97,86.3,266.5,61,222.27,46.17,11.9,104,228,239,16.95,16.45,53,49.8,8.16,18.26,11.95,23.4,12,9.24,18,17.25,232,3695,104,11.55,71.9,75.4,14.2,103.91,40.8
36.65,27.55,53.3,89.4,71.9,97.3,24.35,339.5,25.25,59.3,363.5,197.5,49.2,11.3,157,33.37,83.6,47.4,179.03,85.3,265,59.5,221.39,47.15,11.9,103,226,235.5,17,16.35,52.9,50,8.09,18.17,12,23.75,11.9,9.15,18,17.2,230.5,3750,103,11.55,71.6,76.3,14.05,103.91,40.3
36,27.05,53.3,88.4,72.5,96,24.05,334.5,24.95,60.6,361,196.5,48.7,11.3,157.5,33.37,82.8,47.35,176.61,83.7,263.5,59.7,219.62,46.37,11.75,101.5,224,229.5,16.9,16.3,52.9,49,8.07,17.97,11.9,23.4,11.8,9.04,17.85,17.1,230,3665,102.5,11.45,71.4,75.1,14,103.91,40.05
36.25,27.15,53,88.7,72.5,96.8,24.35,331.5,25.55,59.6,361,195.5,49.2,11.3,158.5,32.67,83.7,47.35,176.61,83.6,263.5,59.4,222.72,46.37,11.85,101.5,219.5,227,17,16.25,52.9,49,8.05,18.02,11.9,23.3,11.8,9.04,17.8,17.05,230,3620,103.5,11.6,71.1,76.5,14,102.01,39.8
35.9,26.8,53,89,72.7,97.1,24.4,334.5,25.2,59.5,366,197,48.45,11.3,159.5,32.37,83.3,47.2,174.19,83.7,263.5,59,220.5,46.12,12.1,101,216.5,225,17,16.2,52.5,48.55,8.03,17.97,11.8,23.15,11.8,9.03,17.7,17,230,3640,102,11.8,71.2,77,13.95,101.06,39.7
35,26.4,52.6,87.1,71.2,94.5,24.15,333.5,24.9,59.2,361.5,196.5,48.4,11.3,156,32.07,82.8,47.1,173.23,83,263,58.9,220.5,47.1,12.05,101,217,220,16.8,16.05,50.2,46.8,7.97,17.87,11.7,23,11.65,9,17.55,16.85,230,3600,102.5,11.75,71.2,76.3,13.9,100.11,39.45
34.35,26.2,52.2,86.1,70.4,93.2,24,333.5,24.6,59,360.5,196,47.5,11.3,155,32.22,82.7,46.75,172.74,82.7,264,58.4,219.18,48.17,12,101,216.5,221.5,16.7,16,49.8,47,7.96,17.77,11.7,22.9,11.7,8.95,17.45,16.8,228.5,3550,102,11.65,70.5,76.1,13.85,99.64,39.15
34.25,26.25,52.7,86.4,70.6,94.2,23.8,332,24.4,59.4,358.5,196.5,47.7,11.3,155.5,32.32,83.3,46.65,173.71,83,264,59,219.18,47.39,11.9,101,216,221.5,16.9,16.1,50.8,48.05,7.96,17.92,11.75,23,11.75,9.02,17.55,16.95,229,3570,102,11.6,70.8,76,13.95,99.64,39.6
34.1,26.3,53,86.4,70.1,93.5,23.75,331,24.25,59.6,359.5,195.5,47.45,11.3,155,32.57,83.5,46.75,174.19,84,264.5,59.1,219.62,46.66,11.85,101,218,223,16.9,16.1,50.1,47.6,7.96,17.82,11.7,22.85,11.7,8.99,17.5,16.95,228,3590,102,11.5,70.9,76.4,13.9,100.59,39.55
34.5,26.45,52.9,88.5,71,95.3,24.05,335.5,24.75,60,363,196.5,48,11.35,157.5,32.92,84,47.05,176.13,85,264,60.1,220.5,47.44,11.9,101.5,218.5,224,17,16.25,50.9,48.65,8,17.97,11.85,23,11.65,9.05,17.6,17.15,230,3725,101.5,11.65,71.1,77.2,14.05,102.49,39.9
34.2,26.2,52.8,87.4,71,94.7,23.9,333.5,24.5,60.3,359,195.5,47.6,11.3,157,32.62,83.6,47,174.19,85,263,59.7,218.29,46.9,11.75,101.5,216.5,221,17,16.1,50.2,47.9,7.96,17.87,11.8,22.8,11.65,8.99,17.55,17.05,228,3725,102,11.55,71.3,76.6,13.95,101.06,39.9
35.15,26.35,53.4,89.2,71.2,96.3,24.2,337.5,24.65,60.8,369,196.5,48.6,11.4,159.5,32.92,84.2,47.85,175.65,85.3,265,60.3,225.37,46.95,11.8,101.5,216.5,224,17.15,16.25,51,48.2,8.06,18.07,12,23,11.8,9.08,17.65,17.2,231,3790,104,11.6,72.5,77,14.05,106.28,40.2
